"","Fecha","Ventas","Ventas_previas","diff","lag1","lag2","lag3","lag4","lag5","lag6","lag7","lag8","lag9","lag10","lag11","lag12","lag13","NA","Observacion","Prediccion","Modelo"
"1",2010-12-01,139.18,0,139.18,0,0,0,0,0,0,0,0,0,0,0,0,0,0,"Entrenamiento",6.75076573493504,"Regresión Simple"
"2",2010-12-02,138.35,139.18,-0.829999999999984,139.18,0,0,0,0,0,0,0,0,0,0,0,0,0,"Entrenamiento",-66.8599098666303,"Regresión Simple"
"3",2010-12-03,555.53,138.35,417.18,-0.829999999999984,139.18,0,0,0,0,0,0,0,0,0,0,0,0,"Entrenamiento",7.18974303590715,"Regresión Simple"
"4",2010-12-05,2476.69,555.53,1921.16,417.18,-0.829999999999984,139.18,0,0,0,0,0,0,0,0,0,0,0,"Entrenamiento",-213.890861276568,"Regresión Simple"
"5",2010-12-06,162.44,2476.69,-2314.25,1921.16,417.18,-0.829999999999984,139.18,0,0,0,0,0,0,0,0,0,0,"Entrenamiento",-1009.32830840433,"Regresión Simple"
"6",2010-12-07,596.8,162.44,434.36,-2314.25,1921.16,417.18,-0.829999999999984,139.18,0,0,0,0,0,0,0,0,0,"Entrenamiento",1230.73054739123,"Regresión Simple"
"7",2010-12-08,509.95,596.8,-86.8499999999999,434.36,-2314.25,1921.16,417.18,-0.829999999999984,139.18,0,0,0,0,0,0,0,0,"Entrenamiento",-222.977162518377,"Regresión Simple"
"8",2010-12-09,891.79,509.95,381.84,-86.8499999999999,434.36,-2314.25,1921.16,417.18,-0.829999999999984,139.18,0,0,0,0,0,0,0,"Entrenamiento",52.68471584268,"Regresión Simple"
"9",2010-12-10,2360.41,891.79,1468.62,381.84,-86.8499999999999,434.36,-2314.25,1921.16,417.18,-0.829999999999984,139.18,0,0,0,0,0,0,"Entrenamiento",-195.199948244816,"Regresión Simple"
"10",2010-12-13,-12.45,2360.41,-2372.86,1468.62,381.84,-86.8499999999999,434.36,-2314.25,1921.16,417.18,-0.829999999999984,139.18,0,0,0,0,0,"Entrenamiento",-769.985190594788,"Regresión Simple"
"11",2010-12-15,-52.9,-12.45,-40.45,-2372.86,1468.62,381.84,-86.8499999999999,434.36,-2314.25,1921.16,417.18,-0.829999999999984,139.18,0,0,0,0,"Entrenamiento",1261.72869149963,"Regresión Simple"
"12",2010-12-16,-11.55,-52.9,41.35,-40.45,-2372.86,1468.62,381.84,-86.8499999999999,434.36,-2314.25,1921.16,417.18,-0.829999999999984,139.18,0,0,0,"Entrenamiento",28.1442980533954,"Regresión Simple"
"13",2010-12-17,4672.82,-11.55,4684.37,41.35,-40.45,-2372.86,1468.62,381.84,-86.8499999999999,434.36,-2314.25,1921.16,417.18,-0.829999999999984,139.18,0,0,"Entrenamiento",-15.1187660665072,"Regresión Simple"
"14",2010-12-19,469.87,4672.82,-4202.95,4684.37,41.35,-40.45,-2372.86,1468.62,381.84,-86.8499999999999,434.36,-2314.25,1921.16,417.18,-0.829999999999984,139.18,0,"Entrenamiento",-2470.75778770453,"Regresión Simple"
"15",2010-12-20,331.31,469.87,-138.56,-4202.95,4684.37,41.35,-40.45,-2372.86,1468.62,381.84,-86.8499999999999,434.36,-2314.25,1921.16,417.18,-0.829999999999984,139.18,"Entrenamiento",2229.64190684428,"Regresión Simple"
"16",2010-12-23,1334.6,331.31,1003.29,-138.56,-4202.95,4684.37,41.35,-40.45,-2372.86,1468.62,381.84,-86.8499999999999,434.36,-2314.25,1921.16,417.18,-0.829999999999984,"Entrenamiento",80.0335305815574,"Regresión Simple"
"17",2011-01-05,-148.54,1334.6,-1483.14,1003.29,-138.56,-4202.95,4684.37,41.35,-40.45,-2372.86,1468.62,381.84,-86.8499999999999,434.36,-2314.25,1921.16,417.18,"Entrenamiento",-523.877591243758,"Regresión Simple"
"18",2011-01-06,-6.6,-148.54,141.94,-1483.14,1003.29,-138.56,-4202.95,4684.37,41.35,-40.45,-2372.86,1468.62,381.84,-86.8499999999999,434.36,-2314.25,1921.16,"Entrenamiento",791.166180390098,"Regresión Simple"
"19",2011-01-07,3976.13,-6.6,3982.73,141.94,-1483.14,1003.29,-138.56,-4202.95,4684.37,41.35,-40.45,-2372.86,1468.62,381.84,-86.8499999999999,434.36,-2314.25,"Entrenamiento",-68.3196416144412,"Regresión Simple"
"20",2011-01-10,660.43,3976.13,-3315.7,3982.73,141.94,-1483.14,1003.29,-138.56,-4202.95,4684.37,41.35,-40.45,-2372.86,1468.62,381.84,-86.8499999999999,434.36,"Entrenamiento",-2099.66859077191,"Regresión Simple"
"21",2011-01-11,144.26,660.43,-516.17,-3315.7,3982.73,141.94,-1483.14,1003.29,-138.56,-4202.95,4684.37,41.35,-40.45,-2372.86,1468.62,381.84,-86.8499999999999,"Entrenamiento",1760.38574987138,"Regresión Simple"
"22",2011-01-12,249.4,144.26,105.14,-516.17,-3315.7,3982.73,141.94,-1483.14,1003.29,-138.56,-4202.95,4684.37,41.35,-40.45,-2372.86,1468.62,381.84,"Entrenamiento",279.747046991294,"Regresión Simple"
"23",2011-01-13,753.45,249.4,504.05,105.14,-516.17,-3315.7,3982.73,141.94,-1483.14,1003.29,-138.56,-4202.95,4684.37,41.35,-40.45,-2372.86,1468.62,"Entrenamiento",-48.8565516436293,"Regresión Simple"
"24",2011-01-14,534.02,753.45,-219.43,504.05,105.14,-516.17,-3315.7,3982.73,141.94,-1483.14,1003.29,-138.56,-4202.95,4684.37,41.35,-40.45,-2372.86,"Entrenamiento",-259.835389150602,"Regresión Simple"
"25",2011-01-17,1316.9,534.02,782.88,-219.43,504.05,105.14,-516.17,-3315.7,3982.73,141.94,-1483.14,1003.29,-138.56,-4202.95,4684.37,41.35,-40.45,"Entrenamiento",122.804728569045,"Regresión Simple"
"26",2011-01-18,132.52,1316.9,-1184.38,782.88,-219.43,504.05,105.14,-516.17,-3315.7,3982.73,141.94,-1483.14,1003.29,-138.56,-4202.95,4684.37,41.35,"Entrenamiento",-407.305317861512,"Regresión Simple"
"27",2011-01-19,63,132.52,-69.52,-1184.38,782.88,-219.43,504.05,105.14,-516.17,-3315.7,3982.73,141.94,-1483.14,1003.29,-138.56,-4202.95,4684.37,"Entrenamiento",633.155507572713,"Regresión Simple"
"28",2011-01-21,-62.25,63,-125.25,-69.52,-1184.38,782.88,-219.43,504.05,105.14,-516.17,-3315.7,3982.73,141.94,-1483.14,1003.29,-138.56,-4202.95,"Entrenamiento",43.519081353708,"Regresión Simple"
"29",2011-01-24,2364.78,-62.25,2427.03,-125.25,-69.52,-1184.38,782.88,-219.43,504.05,105.14,-516.17,-3315.7,3982.73,141.94,-1483.14,1003.29,-138.56,"Entrenamiento",72.9940271165708,"Regresión Simple"
"30",2011-01-25,2372.14,2364.78,7.35999999999967,2427.03,-125.25,-69.52,-1184.38,782.88,-219.43,504.05,105.14,-516.17,-3315.7,3982.73,141.94,-1483.14,1003.29,"Entrenamiento",-1276.87704002212,"Regresión Simple"
"31",2011-01-26,1175.76,2372.14,-1196.38,7.35999999999967,2427.03,-125.25,-69.52,-1184.38,782.88,-219.43,504.05,105.14,-516.17,-3315.7,3982.73,141.94,-1483.14,"Entrenamiento",2.85814774077283,"Regresión Simple"
"32",2011-01-27,673.53,1175.76,-502.23,-1196.38,7.35999999999967,2427.03,-125.25,-69.52,-1184.38,782.88,-219.43,504.05,105.14,-516.17,-3315.7,3982.73,141.94,"Entrenamiento",639.502167345804,"Regresión Simple"
"33",2011-01-28,-79.71,673.53,-753.24,-502.23,-1196.38,7.35999999999967,2427.03,-125.25,-69.52,-1184.38,782.88,-219.43,504.05,105.14,-516.17,-3315.7,3982.73,"Entrenamiento",272.37434388822,"Regresión Simple"
"34",2011-01-31,2332.21,-79.71,2411.92,-753.24,-502.23,-1196.38,7.35999999999967,2427.03,-125.25,-69.52,-1184.38,782.88,-219.43,504.05,105.14,-516.17,-3315.7,"Entrenamiento",405.130599691848,"Regresión Simple"
"35",2011-02-01,264.65,2332.21,-2067.56,2411.92,-753.24,-502.23,-1196.38,7.35999999999967,2427.03,-125.25,-69.52,-1184.38,782.88,-219.43,504.05,105.14,-516.17,"Entrenamiento",-1268.88553759117,"Regresión Simple"
"36",2011-02-02,50.1,264.65,-214.55,-2067.56,2411.92,-753.24,-502.23,-1196.38,7.35999999999967,2427.03,-125.25,-69.52,-1184.38,782.88,-219.43,504.05,105.14,"Entrenamiento",1100.25908910591,"Regresión Simple"
"37",2011-02-03,1642.54,50.1,1592.44,-214.55,-2067.56,2411.92,-753.24,-502.23,-1196.38,7.35999999999967,2427.03,-125.25,-69.52,-1184.38,782.88,-219.43,504.05,"Entrenamiento",120.223753594655,"Regresión Simple"
"38",2011-02-04,-71.9,1642.54,-1714.44,1592.44,-214.55,-2067.56,2411.92,-753.24,-502.23,-1196.38,7.35999999999967,2427.03,-125.25,-69.52,-1184.38,782.88,-219.43,"Entrenamiento",-835.472141686798,"Regresión Simple"
"39",2011-02-07,-94.93,-71.9,-23.03,-1714.44,1592.44,-214.55,-2067.56,2411.92,-753.24,-502.23,-1196.38,7.35999999999967,2427.03,-125.25,-69.52,-1184.38,782.88,"Entrenamiento",913.498047516425,"Regresión Simple"
"40",2011-02-08,-125.93,-94.93,-31,-23.03,-1714.44,1592.44,-214.55,-2067.56,2411.92,-753.24,-502.23,-1196.38,7.35999999999967,2427.03,-125.25,-69.52,-1184.38,"Entrenamiento",18.9310636161252,"Regresión Simple"
"41",2011-02-09,168.9,-125.93,294.83,-31,-23.03,-1714.44,1592.44,-214.55,-2067.56,2411.92,-753.24,-502.23,-1196.38,7.35999999999967,2427.03,-125.25,-69.52,"Entrenamiento",23.1463034820864,"Regresión Simple"
"42",2011-02-10,351.95,168.9,183.05,294.83,-31,-23.03,-1714.44,1592.44,-214.55,-2067.56,2411.92,-753.24,-502.23,-1196.38,7.35999999999967,2427.03,-125.25,"Entrenamiento",-149.181376006763,"Regresión Simple"
"43",2011-02-11,2231.15,351.95,1879.2,183.05,294.83,-31,-23.03,-1714.44,1592.44,-214.55,-2067.56,2411.92,-753.24,-502.23,-1196.38,7.35999999999967,2427.03,"Entrenamiento",-90.0622402204216,"Regresión Simple"
"44",2011-02-14,769.74,2231.15,-1461.41,1879.2,183.05,294.83,-31,-23.03,-1714.44,1592.44,-214.55,-2067.56,2411.92,-753.24,-502.23,-1196.38,7.35999999999967,"Entrenamiento",-987.136154731092,"Regresión Simple"
"45",2011-02-17,540.58,769.74,-229.16,-1461.41,1879.2,183.05,294.83,-31,-23.03,-1714.44,1592.44,-214.55,-2067.56,2411.92,-753.24,-502.23,-1196.38,"Entrenamiento",779.67343731766,"Regresión Simple"
"46",2011-02-18,152.4,540.58,-388.18,-229.16,-1461.41,1879.2,183.05,294.83,-31,-23.03,-1714.44,1592.44,-214.55,-2067.56,2411.92,-753.24,-502.23,"Entrenamiento",127.950811868393,"Regresión Simple"
"47",2011-02-21,1401.29,152.4,1248.89,-388.18,-229.16,-1461.41,1879.2,183.05,294.83,-31,-23.03,-1714.44,1592.44,-214.55,-2067.56,2411.92,-753.24,"Entrenamiento",212.054631628136,"Regresión Simple"
"48",2011-02-23,388.3,1401.29,-1012.99,1248.89,-388.18,-229.16,-1461.41,1879.2,183.05,294.83,-31,-23.03,-1714.44,1592.44,-214.55,-2067.56,2411.92,"Entrenamiento",-653.772561266351,"Regresión Simple"
"49",2011-02-25,1300.4,388.3,912.1,-1012.99,1248.89,-388.18,-229.16,-1461.41,1879.2,183.05,294.83,-31,-23.03,-1714.44,1592.44,-214.55,-2067.56,"Entrenamiento",542.509339363543,"Regresión Simple"
"50",2011-03-01,762.5,1300.4,-537.9,912.1,-1012.99,1248.89,-388.18,-229.16,-1461.41,1879.2,183.05,294.83,-31,-23.03,-1714.44,1592.44,-214.55,"Entrenamiento",-475.648265851412,"Regresión Simple"
"51",2011-03-03,725.28,762.5,-37.22,-537.9,912.1,-1012.99,1248.89,-388.18,-229.16,-1461.41,1879.2,183.05,294.83,-31,-23.03,-1714.44,1592.44,"Entrenamiento",291.239790063732,"Regresión Simple"
"52",2011-03-07,817.56,725.28,92.28,-37.22,-537.9,912.1,-1012.99,1248.89,-388.18,-229.16,-1461.41,1879.2,183.05,294.83,-31,-23.03,-1714.44,"Entrenamiento",26.4359887978052,"Regresión Simple"
"53",2011-03-08,884.63,817.56,67.0700000000001,92.28,-37.22,-537.9,912.1,-1012.99,1248.89,-388.18,-229.16,-1461.41,1879.2,183.05,294.83,-31,-23.03,"Entrenamiento",-42.0550479201336,"Regresión Simple"
"54",2011-03-11,973.17,884.63,88.54,67.0700000000001,92.28,-37.22,-537.9,912.1,-1012.99,1248.89,-388.18,-229.16,-1461.41,1879.2,183.05,294.83,-31,"Entrenamiento",-28.7217735134986,"Regresión Simple"
"55",2011-03-14,-44.85,973.17,-1018.02,88.54,67.0700000000001,92.28,-37.22,-537.9,912.1,-1012.99,1248.89,-388.18,-229.16,-1461.41,1879.2,183.05,294.83,"Entrenamiento",-40.0770056241869,"Regresión Simple"
"56",2011-03-16,300.7,-44.85,345.55,-1018.02,88.54,67.0700000000001,92.28,-37.22,-537.9,912.1,-1012.99,1248.89,-388.18,-229.16,-1461.41,1879.2,183.05,"Entrenamiento",545.169647585097,"Regresión Simple"
"57",2011-03-17,1311.45,300.7,1010.75,345.55,-1018.02,88.54,67.0700000000001,92.28,-37.22,-537.9,912.1,-1012.99,1248.89,-388.18,-229.16,-1461.41,1879.2,"Entrenamiento",-176.00659131436,"Regresión Simple"
"58",2011-03-18,2390.93,1311.45,1079.48,1010.75,345.55,-1018.02,88.54,67.0700000000001,92.28,-37.22,-537.9,912.1,-1012.99,1248.89,-388.18,-229.16,-1461.41,"Entrenamiento",-527.823098069363,"Regresión Simple"
"59",2011-03-20,363.93,2390.93,-2027,1079.48,1010.75,345.55,-1018.02,88.54,67.0700000000001,92.28,-37.22,-537.9,912.1,-1012.99,1248.89,-388.18,-229.16,"Entrenamiento",-564.173591919741,"Regresión Simple"
"60",2011-03-22,1319.98,363.93,956.05,-2027,1079.48,1010.75,345.55,-1018.02,88.54,67.0700000000001,92.28,-37.22,-537.9,912.1,-1012.99,1248.89,-388.18,"Entrenamiento",1078.80737907286,"Regresión Simple"
"61",2011-03-24,-45.15,1319.98,-1365.13,956.05,-2027,1079.48,1010.75,345.55,-1018.02,88.54,67.0700000000001,92.28,-37.22,-537.9,912.1,-1012.99,1248.89,"Entrenamiento",-498.892907270357,"Regresión Simple"
"62",2011-03-25,2645.14,-45.15,2690.29,-1365.13,956.05,-2027,1079.48,1010.75,345.55,-1018.02,88.54,67.0700000000001,92.28,-37.22,-537.9,912.1,-1012.99,"Entrenamiento",728.752070404894,"Regresión Simple"
"63",2011-03-27,-3.75,2645.14,-2648.89,2690.29,-1365.13,956.05,-2027,1079.48,1010.75,345.55,-1018.02,88.54,67.0700000000001,92.28,-37.22,-537.9,912.1,"Entrenamiento",-1416.11217767745,"Regresión Simple"
"64",2011-03-28,1087.47,-3.75,1091.22,-2648.89,2690.29,-1365.13,956.05,-2027,1079.48,1010.75,345.55,-1018.02,88.54,67.0700000000001,92.28,-37.22,-537.9,"Entrenamiento",1407.71773293015,"Regresión Simple"
"65",2011-03-30,364.05,1087.47,-723.42,1091.22,-2648.89,2690.29,-1365.13,956.05,-2027,1079.48,1010.75,345.55,-1018.02,88.54,67.0700000000001,92.28,-37.22,"Entrenamiento",-570.382740731081,"Regresión Simple"
"66",2011-03-31,316.98,364.05,-47.07,-723.42,1091.22,-2648.89,2690.29,-1365.13,956.05,-2027,1079.48,1010.75,345.55,-1018.02,88.54,67.0700000000001,92.28,"Entrenamiento",389.359150155717,"Regresión Simple"
"67",2011-04-01,348.68,316.98,31.7,-47.07,-723.42,1091.22,-2648.89,2690.29,-1365.13,956.05,-2027,1079.48,1010.75,345.55,-1018.02,88.54,67.0700000000001,"Entrenamiento",31.6455386948839,"Regresión Simple"
"68",2011-04-04,674.29,348.68,325.61,31.7,-47.07,-723.42,1091.22,-2648.89,2690.29,-1365.13,956.05,-2027,1079.48,1010.75,345.55,-1018.02,88.54,"Entrenamiento",-10.0149938323133,"Regresión Simple"
"69",2011-04-05,-56.35,674.29,-730.64,325.61,31.7,-47.07,-723.42,1091.22,-2648.89,2690.29,-1365.13,956.05,-2027,1079.48,1010.75,345.55,-1018.02,"Entrenamiento",-165.460558324741,"Regresión Simple"
"70",2011-04-06,-5.46,-56.35,50.89,-730.64,325.61,31.7,-47.07,-723.42,1091.22,-2648.89,2690.29,-1365.13,956.05,-2027,1079.48,1010.75,345.55,"Entrenamiento",393.17772378586,"Regresión Simple"
"71",2011-04-07,415.7,-5.46,421.16,50.89,-730.64,325.61,31.7,-47.07,-723.42,1091.22,-2648.89,2690.29,-1365.13,956.05,-2027,1079.48,1010.75,"Entrenamiento",-20.1643605861144,"Regresión Simple"
"72",2011-04-08,1666.6,415.7,1250.9,421.16,50.89,-730.64,325.61,31.7,-47.07,-723.42,1091.22,-2648.89,2690.29,-1365.13,956.05,-2027,1079.48,"Entrenamiento",-215.995836767977,"Regresión Simple"
"73",2011-04-11,630.32,1666.6,-1036.28,1250.9,421.16,50.89,-730.64,325.61,31.7,-47.07,-723.42,1091.22,-2648.89,2690.29,-1365.13,956.05,-2027,"Entrenamiento",-654.835626778343,"Regresión Simple"
"74",2011-04-14,3439.06,630.32,2808.74,-1036.28,1250.9,421.16,50.89,-730.64,325.61,31.7,-47.07,-723.42,1091.22,-2648.89,2690.29,-1365.13,956.05,"Entrenamiento",554.827148206484,"Regresión Simple"
"75",2011-04-18,0,3439.06,-3439.06,2808.74,-1036.28,1250.9,421.16,50.89,-730.64,325.61,31.7,-47.07,-723.42,1091.22,-2648.89,2690.29,-1365.13,"Entrenamiento",-1478.758998521,"Regresión Simple"
"76",2011-04-19,2590.9,0,2590.9,-3439.06,2808.74,-1036.28,1250.9,421.16,50.89,-730.64,325.61,31.7,-47.07,-723.42,1091.22,-2648.89,2690.29,"Entrenamiento",1825.62941233875,"Regresión Simple"
"77",2011-04-20,417.6,2590.9,-2173.3,2590.9,-3439.06,2808.74,-1036.28,1250.9,421.16,50.89,-730.64,325.61,31.7,-47.07,-723.42,1091.22,-2648.89,"Entrenamiento",-1363.54596810682,"Regresión Simple"
"78",2011-04-21,382.6,417.6,-35,-2173.3,2590.9,-3439.06,2808.74,-1036.28,1250.9,421.16,50.89,-730.64,325.61,31.7,-47.07,-723.42,1091.22,"Entrenamiento",1156.18373947313,"Regresión Simple"
"79",2011-04-26,-37.25,382.6,-419.85,-35,-2173.3,2590.9,-3439.06,2808.74,-1036.28,1250.9,421.16,50.89,-730.64,325.61,31.7,-47.07,-723.42,"Entrenamiento",25.2618567397834,"Regresión Simple"
"80",2011-04-27,1209.8,-37.25,1247.05,-419.85,-35,-2173.3,2590.9,-3439.06,2808.74,-1036.28,1250.9,421.16,50.89,-730.64,325.61,31.7,-47.07,"Entrenamiento",228.804524545951,"Regresión Simple"
"81",2011-04-28,286.88,1209.8,-922.92,1247.05,-419.85,-35,-2173.3,2590.9,-3439.06,2808.74,-1036.28,1250.9,421.16,50.89,-730.64,325.61,31.7,"Entrenamiento",-652.79940676781,"Regresión Simple"
"82",2011-05-01,1094.33,286.88,807.45,-922.92,1247.05,-419.85,-35,-2173.3,2590.9,-3439.06,2808.74,-1036.28,1250.9,421.16,50.89,-730.64,325.61,"Entrenamiento",494.872368883352,"Regresión Simple"
"83",2011-05-03,-13.1,1094.33,-1107.43,807.45,-922.92,1247.05,-419.85,-35,-2173.3,2590.9,-3439.06,2808.74,-1036.28,1250.9,421.16,50.89,-730.64,"Entrenamiento",-420.300103746915,"Regresión Simple"
"84",2011-05-04,822.74,-13.1,835.84,-1107.43,807.45,-922.92,1247.05,-419.85,-35,-2173.3,2590.9,-3439.06,2808.74,-1036.28,1250.9,421.16,50.89,"Entrenamiento",592.457551777768,"Regresión Simple"
"85",2011-05-05,440.38,822.74,-382.36,835.84,-1107.43,807.45,-922.92,1247.05,-419.85,-35,-2173.3,2590.9,-3439.06,2808.74,-1036.28,1250.9,421.16,"Entrenamiento",-435.31524299342,"Regresión Simple"
"86",2011-05-06,240.98,440.38,-199.4,-382.36,835.84,-1107.43,807.45,-922.92,1247.05,-419.85,-35,-2173.3,2590.9,-3439.06,2808.74,-1036.28,1250.9,"Entrenamiento",208.976501638186,"Regresión Simple"
"87",2011-05-09,624.48,240.98,383.5,-199.4,-382.36,835.84,-1107.43,807.45,-922.92,1247.05,-419.85,-35,-2173.3,2590.9,-3439.06,2808.74,-1036.28,"Entrenamiento",112.211095631128,"Regresión Simple"
"88",2011-05-10,797.05,624.48,172.57,383.5,-199.4,-382.36,835.84,-1107.43,807.45,-922.92,1247.05,-419.85,-35,-2173.3,2590.9,-3439.06,2808.74,"Entrenamiento",-196.07790284676,"Regresión Simple"
"89",2011-05-11,369.05,797.05,-428,172.57,383.5,-199.4,-382.36,835.84,-1107.43,807.45,-922.92,1247.05,-419.85,-35,-2173.3,2590.9,-3439.06,"Entrenamiento",-84.5194906852556,"Regresión Simple"
"90",2011-05-12,12165.25,369.05,11796.2,-428,172.57,383.5,-199.4,-382.36,835.84,-1107.43,807.45,-922.92,1247.05,-419.85,-35,-2173.3,2590.9,"Entrenamiento",233.114964308509,"Regresión Simple"
"91",2011-05-13,881.2,12165.25,-11284.05,11796.2,-428,172.57,383.5,-199.4,-382.36,835.84,-1107.43,807.45,-922.92,1247.05,-419.85,-35,-2173.3,"Entrenamiento",-6232.12156887625,"Regresión Simple"
"92",2011-05-17,742.28,881.2,-138.92,-11284.05,11796.2,-428,172.57,383.5,-199.4,-382.36,835.84,-1107.43,807.45,-922.92,1247.05,-419.85,-35,"Entrenamiento",5974.75295011375,"Regresión Simple"
"93",2011-05-19,2059.22,742.28,1316.94,-138.92,-11284.05,11796.2,-428,172.57,383.5,-199.4,-382.36,835.84,-1107.43,807.45,-922.92,1247.05,-419.85,"Entrenamiento",80.2239303747501,"Regresión Simple"
"94",2011-05-20,-29.9,2059.22,-2089.12,1316.94,-138.92,-11284.05,11796.2,-428,172.57,383.5,-199.4,-382.36,835.84,-1107.43,807.45,-922.92,1247.05,"Entrenamiento",-689.76341106292,"Regresión Simple"
"95",2011-05-22,1703.81,-29.9,1733.71,-2089.12,1316.94,-138.92,-11284.05,11796.2,-428,172.57,383.5,-199.4,-382.36,835.84,-1107.43,807.45,-922.92,"Entrenamiento",1111.6619211649,"Regresión Simple"
"96",2011-05-23,985.88,1703.81,-717.93,1733.71,-2089.12,1316.94,-138.92,-11284.05,11796.2,-428,172.57,383.5,-199.4,-382.36,835.84,-1107.43,807.45,"Entrenamiento",-910.18819386551,"Regresión Simple"
"97",2011-05-24,293.25,985.88,-692.63,-717.93,1733.71,-2089.12,1316.94,-138.92,-11284.05,11796.2,-428,172.57,383.5,-199.4,-382.36,835.84,-1107.43,"Entrenamiento",386.455553309528,"Regresión Simple"
"98",2011-05-26,1027.53,293.25,734.28,-692.63,-717.93,1733.71,-2089.12,1316.94,-138.92,-11284.05,11796.2,-428,172.57,383.5,-199.4,-382.36,835.84,"Entrenamiento",373.074678954595,"Regresión Simple"
"99",2011-05-27,716.73,1027.53,-310.8,734.28,-692.63,-717.93,1733.71,-2089.12,1316.94,-138.92,-11284.05,11796.2,-428,172.57,383.5,-199.4,-382.36,"Entrenamiento",-381.601345780494,"Regresión Simple"
"100",2011-05-29,582.73,716.73,-134,-310.8,734.28,-692.63,-717.93,1733.71,-2089.12,1316.94,-138.92,-11284.05,11796.2,-428,172.57,383.5,-199.4,"Entrenamiento",171.129253857988,"Regresión Simple"
"101",2011-05-31,67.46,582.73,-515.27,-134,-310.8,734.28,-692.63,-717.93,1733.71,-2089.12,1316.94,-138.92,-11284.05,11796.2,-428,172.57,383.5,"Entrenamiento",77.6217998677829,"Regresión Simple"
"102",2011-06-01,613.79,67.46,546.33,-515.27,-134,-310.8,734.28,-692.63,-717.93,1733.71,-2089.12,1316.94,-138.92,-11284.05,11796.2,-428,172.57,"Entrenamiento",279.271047508312,"Regresión Simple"
"103",2011-06-02,1970.88,613.79,1357.09,546.33,-515.27,-134,-310.8,734.28,-692.63,-717.93,1733.71,-2089.12,1316.94,-138.92,-11284.05,11796.2,-428,"Entrenamiento",-282.196787084459,"Regresión Simple"
"104",2011-06-03,68.1,1970.88,-1902.78,1357.09,546.33,-515.27,-134,-310.8,734.28,-692.63,-717.93,1733.71,-2089.12,1316.94,-138.92,-11284.05,11796.2,"Entrenamiento",-710.998276887053,"Regresión Simple"
"105",2011-06-05,1002.63,68.1,934.53,-1902.78,1357.09,546.33,-515.27,-134,-310.8,734.28,-692.63,-717.93,1733.71,-2089.12,1316.94,-138.92,-11284.05,"Entrenamiento",1013.10887265509,"Regresión Simple"
"106",2011-06-06,489.45,1002.63,-513.18,934.53,-1902.78,1357.09,546.33,-515.27,-134,-310.8,734.28,-692.63,-717.93,1733.71,-2089.12,1316.94,-138.92,"Entrenamiento",-487.511230743948,"Regresión Simple"
"107",2011-06-07,-40.46,489.45,-529.91,-513.18,934.53,-1902.78,1357.09,546.33,-515.27,-134,-310.8,734.28,-692.63,-717.93,1733.71,-2089.12,1316.94,"Entrenamiento",278.165670931165,"Regresión Simple"
"108",2011-06-09,475.14,-40.46,515.6,-529.91,-513.18,934.53,-1902.78,1357.09,546.33,-515.27,-134,-310.8,734.28,-692.63,-717.93,1733.71,-2089.12,"Entrenamiento",287.013972431483,"Regresión Simple"
"109",2011-06-10,627.4,475.14,152.26,515.6,-529.91,-513.18,934.53,-1902.78,1357.09,546.33,-515.27,-134,-310.8,734.28,-692.63,-717.93,1733.71,"Entrenamiento",-265.944049182202,"Regresión Simple"
"110",2011-06-12,583.2,627.4,-44.1999999999999,152.26,515.6,-529.91,-513.18,934.53,-1902.78,1357.09,546.33,-515.27,-134,-310.8,734.28,-692.63,-717.93,"Entrenamiento",-73.7777690192993,"Regresión Simple"
"111",2011-06-13,2557.64,583.2,1974.44,-44.1999999999999,152.26,515.6,-529.91,-513.18,934.53,-1902.78,1357.09,546.33,-515.27,-134,-310.8,734.28,-692.63,"Entrenamiento",30.1276292324863,"Regresión Simple"
"112",2011-06-16,679.15,2557.64,-1878.49,1974.44,-44.1999999999999,152.26,515.6,-529.91,-513.18,934.53,-1902.78,1357.09,546.33,-515.27,-134,-310.8,734.28,"Entrenamiento",-1037.50747779686,"Regresión Simple"
"113",2011-06-20,1920.4,679.15,1241.25,-1878.49,1974.44,-44.1999999999999,152.26,515.6,-529.91,-513.18,934.53,-1902.78,1357.09,546.33,-515.27,-134,-310.8,"Entrenamiento",1000.26217549772,"Regresión Simple"
"114",2011-06-21,427.76,1920.4,-1492.64,1241.25,-1878.49,1974.44,-44.1999999999999,152.26,515.6,-529.91,-513.18,934.53,-1902.78,1357.09,546.33,-515.27,-134,"Entrenamiento",-649.73185454415,"Regresión Simple"
"115",2011-06-23,276.93,427.76,-150.83,-1492.64,1241.25,-1878.49,1974.44,-44.1999999999999,152.26,515.6,-529.91,-513.18,934.53,-1902.78,1357.09,546.33,-515.27,"Entrenamiento",796.190619377129,"Regresión Simple"
"116",2011-06-24,185.64,276.93,-91.29,-150.83,-1492.64,1241.25,-1878.49,1974.44,-44.1999999999999,152.26,515.6,-529.91,-513.18,934.53,-1902.78,1357.09,546.33,"Entrenamiento",86.5229901995428,"Regresión Simple"
"117",2011-06-26,44.25,185.64,-141.39,-91.29,-150.83,-1492.64,1241.25,-1878.49,1974.44,-44.1999999999999,152.26,515.6,-529.91,-513.18,934.53,-1902.78,1357.09,"Entrenamiento",55.0329799587237,"Regresión Simple"
"118",2011-06-30,1199.12,44.25,1154.87,-141.39,-91.29,-150.83,-1492.64,1241.25,-1878.49,1974.44,-44.1999999999999,152.26,515.6,-529.91,-513.18,934.53,-1902.78,"Entrenamiento",81.530284511378,"Regresión Simple"
"119",2011-07-01,37.27,1199.12,-1161.85,1154.87,-141.39,-91.29,-150.83,-1492.64,1241.25,-1878.49,1974.44,-44.1999999999999,152.26,515.6,-529.91,-513.18,934.53,"Entrenamiento",-604.046481944184,"Regresión Simple"
"120",2011-07-04,1028.42,37.27,991.15,-1161.85,1154.87,-141.39,-91.29,-150.83,-1492.64,1241.25,-1878.49,1974.44,-44.1999999999999,152.26,515.6,-529.91,-513.18,"Entrenamiento",621.239653848735,"Regresión Simple"
"121",2011-07-07,1183.29,1028.42,154.87,991.15,-1161.85,1154.87,-141.39,-91.29,-150.83,-1492.64,1241.25,-1878.49,1974.44,-44.1999999999999,152.26,515.6,-529.91,"Entrenamiento",-517.456887106648,"Regresión Simple"
"122",2011-07-08,1001.69,1183.29,-181.6,154.87,991.15,-1161.85,1154.87,-141.39,-91.29,-150.83,-1492.64,1241.25,-1878.49,1974.44,-44.1999999999999,152.26,515.6,"Entrenamiento",-75.1581675199465,"Regresión Simple"
"123",2011-07-12,558.96,1001.69,-442.73,-181.6,154.87,991.15,-1161.85,1154.87,-141.39,-91.29,-150.83,-1492.64,1241.25,-1878.49,1974.44,-44.1999999999999,152.26,"Entrenamiento",102.796883634377,"Regresión Simple"
"124",2011-07-13,281.71,558.96,-277.25,-442.73,-181.6,154.87,991.15,-1161.85,1154.87,-141.39,-91.29,-150.83,-1492.64,1241.25,-1878.49,1974.44,-44.1999999999999,"Entrenamiento",240.905489179978,"Regresión Simple"
"125",2011-07-14,1550.83,281.71,1269.12,-277.25,-442.73,-181.6,154.87,991.15,-1161.85,1154.87,-141.39,-91.29,-150.83,-1492.64,1241.25,-1878.49,1974.44,"Entrenamiento",153.385050909055,"Regresión Simple"
"126",2011-07-15,1337.11,1550.83,-213.72,1269.12,-277.25,-442.73,-181.6,154.87,991.15,-1161.85,1154.87,-141.39,-91.29,-150.83,-1492.64,1241.25,-1878.49,"Entrenamiento",-664.471971867153,"Regresión Simple"
"127",2011-07-17,345.23,1337.11,-991.88,-213.72,1269.12,-277.25,-442.73,-181.6,154.87,991.15,-1161.85,1154.87,-141.39,-91.29,-150.83,-1492.64,1241.25,"Entrenamiento",119.784776293683,"Regresión Simple"
"128",2011-07-19,2438.5,345.23,2093.27,-991.88,-213.72,1269.12,-277.25,-442.73,-181.6,154.87,991.15,-1161.85,1154.87,-141.39,-91.29,-150.83,-1492.64,"Entrenamiento",531.344507046048,"Regresión Simple"
"129",2011-07-20,947.97,2438.5,-1490.53,2093.27,-991.88,-213.72,1269.12,-277.25,-442.73,-181.6,154.87,991.15,-1161.85,1154.87,-141.39,-91.29,-150.83,"Entrenamiento",-1100.35527619989,"Regresión Simple"
"130",2011-07-21,1905.63,947.97,957.66,-1490.53,2093.27,-991.88,-213.72,1269.12,-277.25,-442.73,-181.6,154.87,991.15,-1161.85,1154.87,-141.39,-91.29,"Entrenamiento",795.074665033694,"Regresión Simple"
"131",2011-07-22,768.02,1905.63,-1137.61,957.66,-1490.53,2093.27,-991.88,-213.72,1269.12,-277.25,-442.73,-181.6,154.87,991.15,-1161.85,1154.87,-141.39,"Entrenamiento",-499.74441745658,"Regresión Simple"
"132",2011-07-24,612.1,768.02,-155.92,-1137.61,957.66,-1490.53,2093.27,-991.88,-213.72,1269.12,-277.25,-442.73,-181.6,154.87,991.15,-1161.85,1154.87,"Entrenamiento",608.419401107092,"Regresión Simple"
"133",2011-07-25,1131.18,612.1,519.08,-155.92,-1137.61,957.66,-1490.53,2093.27,-991.88,-213.72,1269.12,-277.25,-442.73,-181.6,154.87,991.15,-1161.85,"Entrenamiento",89.2150317199621,"Regresión Simple"
"134",2011-07-26,-147.9,1131.18,-1279.08,519.08,-155.92,-1137.61,957.66,-1490.53,2093.27,-991.88,-213.72,1269.12,-277.25,-442.73,-181.6,154.87,991.15,"Entrenamiento",-267.784580516398,"Regresión Simple"
"135",2011-07-27,440.7,-147.9,588.6,-1279.08,519.08,-155.92,-1137.61,957.66,-1490.53,2093.27,-991.88,-213.72,1269.12,-277.25,-442.73,-181.6,154.87,"Entrenamiento",683.241230948689,"Regresión Simple"
"136",2011-07-28,385.14,440.7,-55.56,588.6,-1279.08,519.08,-155.92,-1137.61,957.66,-1490.53,2093.27,-991.88,-213.72,1269.12,-277.25,-442.73,-181.6,"Entrenamiento",-304.552896135171,"Regresión Simple"
"137",2011-07-29,-84.19,385.14,-469.33,-55.56,588.6,-1279.08,519.08,-155.92,-1137.61,957.66,-1490.53,2093.27,-991.88,-213.72,1269.12,-277.25,-442.73,"Entrenamiento",36.1358004843457,"Regresión Simple"
"138",2011-08-01,1089.18,-84.19,1173.37,-469.33,-55.56,588.6,-1279.08,519.08,-155.92,-1137.61,957.66,-1490.53,2093.27,-991.88,-213.72,1269.12,-277.25,"Entrenamiento",254.973918343662,"Regresión Simple"
"139",2011-08-02,1135.27,1089.18,46.0899999999999,1173.37,-469.33,-55.56,588.6,-1279.08,519.08,-155.92,-1137.61,957.66,-1490.53,2093.27,-991.88,-213.72,1269.12,"Entrenamiento",-613.830915761033,"Regresión Simple"
"140",2011-08-03,221.04,1135.27,-914.23,46.0899999999999,1173.37,-469.33,-55.56,588.6,-1279.08,519.08,-155.92,-1137.61,957.66,-1490.53,2093.27,-991.88,-213.72,"Entrenamiento",-17.625696676878,"Regresión Simple"
"141",2011-08-04,1249.93,221.04,1028.89,-914.23,46.0899999999999,1173.37,-469.33,-55.56,588.6,-1279.08,519.08,-155.92,-1137.61,957.66,-1490.53,2093.27,-991.88,"Entrenamiento",490.276329431006,"Regresión Simple"
"142",2011-08-05,1066.1,1249.93,-183.83,1028.89,-914.23,46.0899999999999,1173.37,-469.33,-55.56,588.6,-1279.08,519.08,-155.92,-1137.61,957.66,-1490.53,2093.27,"Entrenamiento",-537.417132093019,"Regresión Simple"
"143",2011-08-07,107.4,1066.1,-958.7,-183.83,1028.89,-914.23,46.0899999999999,1173.37,-469.33,-55.56,588.6,-1279.08,519.08,-155.92,-1137.61,957.66,-1490.53,"Entrenamiento",103.976304575543,"Regresión Simple"
"144",2011-08-08,416.65,107.4,309.25,-958.7,-183.83,1028.89,-914.23,46.0899999999999,1173.37,-469.33,-55.56,588.6,-1279.08,519.08,-155.92,-1137.61,957.66,"Entrenamiento",513.795992773451,"Regresión Simple"
"145",2011-08-09,102.98,416.65,-313.67,309.25,-958.7,-183.83,1028.89,-914.23,46.0899999999999,1173.37,-469.33,-55.56,588.6,-1279.08,519.08,-155.92,-1137.61,"Entrenamiento",-156.80794550076,"Regresión Simple"
"146",2011-08-11,-9.95,102.98,-112.93,-313.67,309.25,-958.7,-183.83,1028.89,-914.23,46.0899999999999,1173.37,-469.33,-55.56,588.6,-1279.08,519.08,-155.92,"Entrenamiento",172.647163320386,"Regresión Simple"
"147",2011-08-12,-36.05,-9.95,-26.1,-112.93,-313.67,309.25,-958.7,-183.83,1028.89,-914.23,46.0899999999999,1173.37,-469.33,-55.56,588.6,-1279.08,519.08,"Entrenamiento",66.4781230828642,"Regresión Simple"
"148",2011-08-15,378.12,-36.05,414.17,-26.1,-112.93,-313.67,309.25,-958.7,-183.83,1028.89,-914.23,46.0899999999999,1173.37,-469.33,-55.56,588.6,-1279.08,"Entrenamiento",20.5547507414076,"Regresión Simple"
"149",2011-08-16,115.3,378.12,-262.82,414.17,-26.1,-112.93,-313.67,309.25,-958.7,-183.83,1028.89,-914.23,46.0899999999999,1173.37,-469.33,-55.56,588.6,"Entrenamiento",-212.298907450151,"Regresión Simple"
"150",2011-08-17,748.06,115.3,632.76,-262.82,414.17,-26.1,-112.93,-313.67,309.25,-958.7,-183.83,1028.89,-914.23,46.0899999999999,1173.37,-469.33,-55.56,"Entrenamiento",145.753192531913,"Regresión Simple"
"151",2011-08-19,877.63,748.06,129.57,632.76,-262.82,414.17,-26.1,-112.93,-313.67,309.25,-958.7,-183.83,1028.89,-914.23,46.0899999999999,1173.37,-469.33,"Entrenamiento",-327.908604100145,"Regresión Simple"
"152",2011-08-21,324.83,877.63,-552.8,129.57,632.76,-262.82,414.17,-26.1,-112.93,-313.67,309.25,-958.7,-183.83,1028.89,-914.23,46.0899999999999,1173.37,"Entrenamiento",-61.7772931650134,"Regresión Simple"
"153",2011-08-22,2269.37,324.83,1944.54,-552.8,129.57,632.76,-262.82,414.17,-26.1,-112.93,-313.67,309.25,-958.7,-183.83,1028.89,-914.23,46.0899999999999,"Entrenamiento",299.120225948653,"Regresión Simple"
"154",2011-08-23,443.17,2269.37,-1826.2,1944.54,-552.8,129.57,632.76,-262.82,414.17,-26.1,-112.93,-313.67,309.25,-958.7,-183.83,1028.89,-914.23,"Entrenamiento",-1021.69371719557,"Regresión Simple"
"155",2011-08-24,1691.43,443.17,1248.26,-1826.2,1944.54,-552.8,129.57,632.76,-262.82,414.17,-26.1,-112.93,-313.67,309.25,-958.7,-183.83,1028.89,"Entrenamiento",972.606605536477,"Regresión Simple"
"156",2011-08-25,620.15,1691.43,-1071.28,1248.26,-1826.2,1944.54,-552.8,129.57,632.76,-262.82,414.17,-26.1,-112.93,-313.67,309.25,-958.7,-183.83,"Entrenamiento",-653.439361628264,"Regresión Simple"
"157",2011-08-26,405.13,620.15,-215.02,-1071.28,1248.26,-1826.2,1944.54,-552.8,129.57,632.76,-262.82,414.17,-26.1,-112.93,-313.67,309.25,-958.7,"Entrenamiento",573.338239211332,"Regresión Simple"
"158",2011-08-30,403.83,405.13,-1.30000000000001,-215.02,-1071.28,1248.26,-1826.2,1944.54,-552.8,129.57,632.76,-262.82,414.17,-26.1,-112.93,-313.67,309.25,"Entrenamiento",120.472331102435,"Regresión Simple"
"159",2011-08-31,5404.08,403.83,5000.25,-1.30000000000001,-215.02,-1071.28,1248.26,-1826.2,1944.54,-552.8,129.57,632.76,-262.82,414.17,-26.1,-112.93,-313.67,"Entrenamiento",7.43832054368656,"Regresión Simple"
"160",2011-09-01,-37.7,5404.08,-5441.78,5000.25,-1.30000000000001,-215.02,-1071.28,1248.26,-1826.2,1944.54,-552.8,129.57,632.76,-262.82,414.17,-26.1,-112.93,"Entrenamiento",-2637.82302846486,"Regresión Simple"
"161",2011-09-02,378.86,-37.7,416.56,-5441.78,5000.25,-1.30000000000001,-215.02,-1071.28,1248.26,-1826.2,1944.54,-552.8,129.57,632.76,-262.82,414.17,-26.1,"Entrenamiento",2884.84461740246,"Regresión Simple"
"162",2011-09-04,2390.71,378.86,2011.85,416.56,-5441.78,5000.25,-1.30000000000001,-215.02,-1071.28,1248.26,-1826.2,1944.54,-552.8,129.57,632.76,-262.82,414.17,"Entrenamiento",-213.562950521625,"Regresión Simple"
"163",2011-09-05,-19.03,2390.71,-2409.74,2011.85,416.56,-5441.78,5000.25,-1.30000000000001,-215.02,-1071.28,1248.26,-1826.2,1944.54,-552.8,129.57,632.76,-262.82,"Entrenamiento",-1057.29318963947,"Regresión Simple"
"164",2011-09-06,1002.44,-19.03,1021.47,-2409.74,2011.85,416.56,-5441.78,5000.25,-1.30000000000001,-215.02,-1071.28,1248.26,-1826.2,1944.54,-552.8,129.57,632.76,"Entrenamiento",1281.2340925356,"Regresión Simple"
"165",2011-09-08,1235.38,1002.44,232.94,1021.47,-2409.74,2011.85,416.56,-5441.78,5000.25,-1.30000000000001,-215.02,-1071.28,1248.26,-1826.2,1944.54,-552.8,129.57,"Entrenamiento",-533.492780799991,"Regresión Simple"
"166",2011-09-09,-149.03,1235.38,-1384.41,232.94,1021.47,-2409.74,2011.85,416.56,-5441.78,5000.25,-1.30000000000001,-215.02,-1071.28,1248.26,-1826.2,1944.54,-552.8,"Entrenamiento",-116.448478227047,"Regresión Simple"
"167",2011-09-11,1653.89,-149.03,1802.92,-1384.41,232.94,1021.47,-2409.74,2011.85,416.56,-5441.78,5000.25,-1.30000000000001,-215.02,-1071.28,1248.26,-1826.2,1944.54,"Entrenamiento",738.949037106994,"Regresión Simple"
"168",2011-09-13,199.8,1653.89,-1454.09,1802.92,-1384.41,232.94,1021.47,-2409.74,2011.85,416.56,-5441.78,5000.25,-1.30000000000001,-215.02,-1071.28,1248.26,-1826.2,"Entrenamiento",-946.792554106811,"Regresión Simple"
"169",2011-09-14,351.65,199.8,151.85,-1454.09,1802.92,-1384.41,232.94,1021.47,-2409.74,2011.85,416.56,-5441.78,5000.25,-1.30000000000001,-215.02,-1071.28,1248.26,"Entrenamiento",775.801974856075,"Regresión Simple"
"170",2011-09-16,1231.97,351.65,880.32,151.85,-1454.09,1802.92,-1384.41,232.94,1021.47,-2409.74,2011.85,416.56,-5441.78,5000.25,-1.30000000000001,-215.02,-1071.28,"Entrenamiento",-73.5609248103854,"Regresión Simple"
"171",2011-09-19,2170.84,1231.97,938.87,880.32,151.85,-1454.09,1802.92,-1384.41,232.94,1021.47,-2409.74,2011.85,416.56,-5441.78,5000.25,-1.30000000000001,-215.02,"Entrenamiento",-458.84019521901,"Regresión Simple"
"172",2011-09-20,128.28,2170.84,-2042.56,938.87,880.32,151.85,-1454.09,1802.92,-1384.41,232.94,1021.47,-2409.74,2011.85,416.56,-5441.78,5000.25,-1.30000000000001,"Entrenamiento",-489.806606028549,"Regresión Simple"
"173",2011-09-21,1049.04,128.28,920.76,-2042.56,938.87,880.32,151.85,-1454.09,1802.92,-1384.41,232.94,1021.47,-2409.74,2011.85,416.56,-5441.78,5000.25,"Entrenamiento",1087.03688124531,"Regresión Simple"
"174",2011-09-22,708.23,1049.04,-340.81,920.76,-2042.56,938.87,880.32,151.85,-1454.09,1802.92,-1384.41,232.94,1021.47,-2409.74,2011.85,416.56,-5441.78,"Entrenamiento",-480.228438654326,"Regresión Simple"
"175",2011-09-23,2569.5,708.23,1861.27,-340.81,920.76,-2042.56,938.87,880.32,151.85,-1454.09,1802.92,-1384.41,232.94,1021.47,-2409.74,2011.85,416.56,"Entrenamiento",187.001192173859,"Regresión Simple"
"176",2011-09-26,704.04,2569.5,-1865.46,1861.27,-340.81,920.76,-2042.56,938.87,880.32,151.85,-1454.09,1802.92,-1384.41,232.94,1021.47,-2409.74,2011.85,"Entrenamiento",-977.653187253465,"Regresión Simple"
"177",2011-09-27,402.45,704.04,-301.59,-1865.46,1861.27,-340.81,920.76,-2042.56,938.87,880.32,151.85,-1454.09,1802.92,-1384.41,232.94,1021.47,-2409.74,"Entrenamiento",993.370760760773,"Regresión Simple"
"178",2011-09-28,359.92,402.45,-42.53,-301.59,-1865.46,1861.27,-340.81,920.76,-2042.56,938.87,880.32,151.85,-1454.09,1802.92,-1384.41,232.94,1021.47,"Entrenamiento",166.258192482141,"Regresión Simple"
"179",2011-09-29,1107.13,359.92,747.21,-42.53,-301.59,-1865.46,1861.27,-340.81,920.76,-2042.56,938.87,880.32,151.85,-1454.09,1802.92,-1384.41,232.94,"Entrenamiento",29.2443857473978,"Regresión Simple"
"180",2011-09-30,281.94,1107.13,-825.19,747.21,-42.53,-301.59,-1865.46,1861.27,-340.81,920.76,-2042.56,938.87,880.32,151.85,-1454.09,1802.92,-1384.41,"Entrenamiento",-388.439871685999,"Regresión Simple"
"181",2011-10-04,-7.05,281.94,-288.99,-825.19,747.21,-42.53,-301.59,-1865.46,1861.27,-340.81,920.76,-2042.56,938.87,880.32,151.85,-1454.09,1802.92,"Entrenamiento",443.184113914672,"Regresión Simple"
"182",2011-10-05,4178.92,-7.05,4185.97,-288.99,-825.19,747.21,-42.53,-301.59,-1865.46,1861.27,-340.81,920.76,-2042.56,938.87,880.32,151.85,-1454.09,"Entrenamiento",159.594199720395,"Regresión Simple"
"183",2011-10-06,3915.78,4178.92,-263.14,4185.97,-288.99,-825.19,747.21,-42.53,-301.59,-1865.46,1861.27,-340.81,920.76,-2042.56,938.87,880.32,151.85,"Entrenamiento",-2207.15985179549,"Regresión Simple"
"184",2011-10-07,2866.85,3915.78,-1048.93,-263.14,4185.97,-288.99,-825.19,747.21,-42.53,-301.59,-1865.46,1861.27,-340.81,920.76,-2042.56,938.87,880.32,"Entrenamiento",145.922436792529,"Regresión Simple"
"185",2011-10-10,272.98,2866.85,-2593.87,-1048.93,-263.14,4185.97,-288.99,-825.19,747.21,-42.53,-301.59,-1865.46,1861.27,-340.81,920.76,-2042.56,938.87,"Entrenamiento",561.517585383951,"Regresión Simple"
"186",2011-10-11,962.99,272.98,690.01,-2593.87,-1048.93,-263.14,4185.97,-288.99,-825.19,747.21,-42.53,-301.59,-1865.46,1861.27,-340.81,920.76,-2042.56,"Entrenamiento",1378.61829787053,"Regresión Simple"
"187",2011-10-12,1231.46,962.99,268.47,690.01,-2593.87,-1048.93,-263.14,4185.97,-288.99,-825.19,747.21,-42.53,-301.59,-1865.46,1861.27,-340.81,920.76,"Entrenamiento",-358.187460100933,"Regresión Simple"
"188",2011-10-13,2047.14,1231.46,815.68,268.47,690.01,-2593.87,-1048.93,-263.14,4185.97,-288.99,-825.19,747.21,-42.53,-301.59,-1865.46,1861.27,-340.81,"Entrenamiento",-135.23988003854,"Regresión Simple"
"189",2011-10-14,1925.28,2047.14,-121.86,815.68,268.47,690.01,-2593.87,-1048.93,-263.14,4185.97,-288.99,-825.19,747.21,-42.53,-301.59,-1865.46,1861.27,"Entrenamiento",-424.652854574627,"Regresión Simple"
"190",2011-10-17,3512.87,1925.28,1587.59,-121.86,815.68,268.47,690.01,-2593.87,-1048.93,-263.14,4185.97,-288.99,-825.19,747.21,-42.53,-301.59,-1865.46,"Entrenamiento",71.2010957306727,"Regresión Simple"
"191",2011-10-18,1315.27,3512.87,-2197.6,1587.59,-121.86,815.68,268.47,690.01,-2593.87,-1048.93,-263.14,4185.97,-288.99,-825.19,747.21,-42.53,-301.59,"Entrenamiento",-832.90703336184,"Regresión Simple"
"192",2011-10-19,2588.86,1315.27,1273.59,-2197.6,1587.59,-121.86,815.68,268.47,690.01,-2593.87,-1048.93,-263.14,4185.97,-288.99,-825.19,747.21,-42.53,"Entrenamiento",1169.03572551364,"Regresión Simple"
"193",2011-10-20,1118.05,2588.86,-1470.81,1273.59,-2197.6,1587.59,-121.86,815.68,268.47,690.01,-2593.87,-1048.93,-263.14,4185.97,-288.99,-825.19,747.21,"Entrenamiento",-666.83610263263,"Regresión Simple"
"194",2011-10-21,1347.05,1118.05,229,-1470.81,1273.59,-2197.6,1587.59,-121.86,815.68,268.47,690.01,-2593.87,-1048.93,-263.14,4185.97,-288.99,-825.19,"Entrenamiento",784.644987473248,"Regresión Simple"
"195",2011-10-23,-15.7,1347.05,-1362.75,229,-1470.81,1273.59,-2197.6,1587.59,-121.86,815.68,268.47,690.01,-2593.87,-1048.93,-263.14,4185.97,-288.99,"Entrenamiento",-114.364658268215,"Regresión Simple"
"196",2011-10-24,-38.45,-15.7,-22.75,-1362.75,229,-1470.81,1273.59,-2197.6,1587.59,-121.86,815.68,268.47,690.01,-2593.87,-1048.93,-263.14,4185.97,"Entrenamiento",727.493316216565,"Regresión Simple"
"197",2011-10-25,1097.16,-38.45,1135.61,-22.75,-1362.75,229,-1470.81,1273.59,-2197.6,1587.59,-121.86,815.68,268.47,690.01,-2593.87,-1048.93,-263.14,"Entrenamiento",18.7829748880864,"Regresión Simple"
"198",2011-10-26,119.74,1097.16,-977.42,1135.61,-22.75,-1362.75,229,-1470.81,1273.59,-2197.6,1587.59,-121.86,815.68,268.47,690.01,-2593.87,-1048.93,"Entrenamiento",-593.860093008373,"Regresión Simple"
"199",2011-10-27,309.21,119.74,189.47,-977.42,1135.61,-22.75,-1362.75,229,-1470.81,1273.59,-2197.6,1587.59,-121.86,815.68,268.47,690.01,-2593.87,"Entrenamiento",523.696782019473,"Regresión Simple"
"200",2011-10-28,1080.33,309.21,771.12,189.47,-977.42,1135.61,-22.75,-1362.75,229,-1470.81,1273.59,-2197.6,1587.59,-121.86,815.68,268.47,690.01,"Entrenamiento",-93.4577031990252,"Regresión Simple"
"201",2011-10-31,785.53,1080.33,-294.8,771.12,189.47,-977.42,1135.61,-22.75,-1362.75,229,-1470.81,1273.59,-2197.6,1587.59,-121.86,815.68,268.47,"Entrenamiento",-401.085591283883,"Regresión Simple"
"202",2011-10-31,785.53,1080.33,-294.8,771.12,189.47,-977.42,1135.61,-22.75,-1362.75,229,-1470.81,1273.59,-2197.6,1587.59,-121.86,815.68,268.47,"Prueba",-401.085591283883,"Regresión Simple"
"203",2011-11-02,120.23,785.53,-665.3,-294.8,771.12,189.47,-977.42,1135.61,-22.75,-1362.75,229,-1470.81,1273.59,-2197.6,1587.59,-121.86,815.68,"Prueba",162.6670408272,"Regresión Simple"
"204",2011-11-03,817.97,120.23,697.74,-665.3,-294.8,771.12,189.47,-977.42,1135.61,-22.75,-1362.75,229,-1470.81,1273.59,-2197.6,1587.59,-121.86,"Prueba",358.62016132138,"Regresión Simple"
"205",2011-11-04,-21.65,817.97,-839.62,697.74,-665.3,-294.8,771.12,189.47,-977.42,1135.61,-22.75,-1362.75,229,-1470.81,1273.59,-2197.6,1587.59,"Prueba",-362.275766771432,"Regresión Simple"
"206",2011-11-06,1184.05,-21.65,1205.7,-839.62,697.74,-665.3,-294.8,771.12,189.47,-977.42,1135.61,-22.75,-1362.75,229,-1470.81,1273.59,-2197.6,"Prueba",450.815972291813,"Regresión Simple"
"207",2011-11-07,548.85,1184.05,-635.2,1205.7,-839.62,697.74,-665.3,-294.8,771.12,189.47,-977.42,1135.61,-22.75,-1362.75,229,-1470.81,1273.59,"Prueba",-630.929874966368,"Regresión Simple"
"208",2011-11-08,-237.26,548.85,-786.11,-635.2,1205.7,-839.62,697.74,-665.3,-294.8,771.12,189.47,-977.42,1135.61,-22.75,-1362.75,229,-1470.81,"Prueba",342.700623057211,"Regresión Simple"
"209",2011-11-09,447.75,-237.26,685.01,-786.11,-635.2,1205.7,-839.62,697.74,-665.3,-294.8,771.12,189.47,-977.42,1135.61,-22.75,-1362.75,229,"Prueba",422.515158586972,"Regresión Simple"
"210",2011-11-10,294.74,447.75,-153.01,685.01,-786.11,-635.2,1205.7,-839.62,697.74,-665.3,-294.8,771.12,189.47,-977.42,1135.61,-22.75,-1362.75,"Prueba",-355.543018528812,"Regresión Simple"
"211",2011-11-11,2990.87,294.74,2696.13,-153.01,685.01,-786.11,-635.2,1205.7,-839.62,697.74,-665.3,-294.8,771.12,189.47,-977.42,1135.61,-22.75,"Prueba",87.6759667249876,"Regresión Simple"
"212",2011-11-14,550.11,2990.87,-2440.76,2696.13,-153.01,685.01,-786.11,-635.2,1205.7,-839.62,697.74,-665.3,-294.8,771.12,189.47,-977.42,1135.61,"Prueba",-1419.20088543368,"Regresión Simple"
"213",2011-11-15,893.41,550.11,343.3,-2440.76,2696.13,-153.01,685.01,-786.11,-635.2,1205.7,-839.62,697.74,-665.3,-294.8,771.12,189.47,-977.42,"Prueba",1297.64020804904,"Regresión Simple"
"214",2011-11-16,3594.12,893.41,2700.71,343.3,-2440.76,2696.13,-153.01,685.01,-786.11,-635.2,1205.7,-839.62,697.74,-665.3,-294.8,771.12,189.47,"Prueba",-174.816592606906,"Regresión Simple"
"215",2011-11-17,3684.91,3594.12,90.7900000000004,2700.71,343.3,-2440.76,2696.13,-153.01,685.01,-786.11,-635.2,1205.7,-839.62,697.74,-665.3,-294.8,771.12,"Prueba",-1421.62319391375,"Regresión Simple"
"216",2011-11-18,1102.72,3684.91,-2582.19,90.7900000000004,2700.71,343.3,-2440.76,2696.13,-153.01,685.01,-786.11,-635.2,1205.7,-839.62,697.74,-665.3,-294.8,"Prueba",-41.2670043316417,"Regresión Simple"
"217",2011-11-20,219,1102.72,-883.72,-2582.19,90.7900000000004,2700.71,343.3,-2440.76,2696.13,-153.01,685.01,-786.11,-635.2,1205.7,-839.62,697.74,-665.3,"Prueba",1372.44088235806,"Regresión Simple"
"218",2011-11-21,366.45,219,147.45,-883.72,-2582.19,90.7900000000004,2700.71,343.3,-2440.76,2696.13,-153.01,685.01,-786.11,-635.2,1205.7,-839.62,697.74,"Prueba",474.139946957922,"Regresión Simple"
"219",2011-11-22,1018.77,366.45,652.32,147.45,-883.72,-2582.19,90.7900000000004,2700.71,343.3,-2440.76,2696.13,-153.01,685.01,-786.11,-635.2,1205.7,-839.62,"Prueba",-71.2338162269188,"Regresión Simple"
"220",2011-11-23,712.01,1018.77,-306.76,652.32,147.45,-883.72,-2582.19,90.7900000000004,2700.71,343.3,-2440.76,2696.13,-153.01,685.01,-786.11,-635.2,1205.7,"Prueba",-338.253659530283,"Regresión Simple"
"221",2011-11-24,4244.42,712.01,3532.41,-306.76,652.32,147.45,-883.72,-2582.19,90.7900000000004,2700.71,343.3,-2440.76,2696.13,-153.01,685.01,-786.11,-635.2,"Prueba",168.992545067714,"Regresión Simple"
"222",2011-11-25,125.22,4244.42,-4119.2,3532.41,-306.76,652.32,147.45,-883.72,-2582.19,90.7900000000004,2700.71,343.3,-2440.76,2696.13,-153.01,685.01,-786.11,"Prueba",-1861.49960502039,"Regresión Simple"
"223",2011-11-28,1349.4,125.22,1224.18,-4119.2,3532.41,-306.76,652.32,147.45,-883.72,-2582.19,90.7900000000004,2700.71,343.3,-2440.76,2696.13,-153.01,685.01,"Prueba",2185.34751051125,"Regresión Simple"
"224",2011-11-29,1358.86,1349.4,9.45999999999981,1224.18,-4119.2,3532.41,-306.76,652.32,147.45,-883.72,-2582.19,90.7900000000004,2700.71,343.3,-2440.76,2696.13,-153.01,"Prueba",-640.703731016928,"Regresión Simple"
"225",2011-11-30,679.4,1358.86,-679.46,9.45999999999981,1224.18,-4119.2,3532.41,-306.76,652.32,147.45,-883.72,-2582.19,90.7900000000004,2700.71,343.3,-2440.76,2696.13,"Prueba",1.74748228048186,"Regresión Simple"
"226",2011-12-01,695.87,679.4,16.47,-679.46,9.45999999999981,1224.18,-4119.2,3532.41,-306.76,652.32,147.45,-883.72,-2582.19,90.7900000000004,2700.71,343.3,-2440.76,"Prueba",366.109219853627,"Regresión Simple"
"227",2011-12-02,37.83,695.87,-658.04,16.47,-679.46,9.45999999999981,1224.18,-4119.2,3532.41,-306.76,652.32,147.45,-883.72,-2582.19,90.7900000000004,2700.71,343.3,"Prueba",-1.96002480363216,"Regresión Simple"
"228",2011-12-04,1179.87,37.83,1142.04,-658.04,16.47,-679.46,9.45999999999981,1224.18,-4119.2,3532.41,-306.76,652.32,147.45,-883.72,-2582.19,90.7900000000004,2700.71,"Prueba",354.78043215866,"Regresión Simple"
"229",2011-12-05,269.35,1179.87,-910.52,1142.04,-658.04,16.47,-679.46,9.45999999999981,1224.18,-4119.2,3532.41,-306.76,652.32,147.45,-883.72,-2582.19,90.7900000000004,"Prueba",-597.260844870121,"Regresión Simple"
"230",2011-12-06,-36.65,269.35,-306,-910.52,1142.04,-658.04,16.47,-679.46,9.45999999999981,1224.18,-4119.2,3532.41,-306.76,652.32,147.45,-883.72,-2582.19,"Prueba",488.314153784492,"Regresión Simple"
"231",2011-12-07,2879.26,-36.65,2915.91,-306,-910.52,1142.04,-658.04,16.47,-679.46,9.45999999999981,1224.18,-4119.2,3532.41,-306.76,652.32,147.45,-883.72,"Prueba",168.590589948752,"Regresión Simple"
"232",2011-12-08,1089.45,2879.26,-1789.81,2915.91,-306,-910.52,1142.04,-658.04,16.47,-679.46,9.45999999999981,1224.18,-4119.2,3532.41,-306.76,652.32,147.45,"Prueba",-1535.43995917784,"Regresión Simple"
"233",2011-12-09,1689.72,1089.45,600.27,-1789.81,2915.91,-306,-910.52,1142.04,-658.04,16.47,-679.46,9.45999999999981,1224.18,-4119.2,3532.41,-306.76,652.32,"Prueba",953.360359774579,"Regresión Simple"
"234",2010-12-01,139.18,0,139.18,0,0,0,0,0,0,0,0,0,0,0,0,0,0,"Entrenamiento",22.6886880519118,"Regresión Multiple"
"235",2010-12-02,138.35,139.18,-0.829999999999984,139.18,0,0,0,0,0,0,0,0,0,0,0,0,0,"Entrenamiento",-105.543338884868,"Regresión Multiple"
"236",2010-12-03,555.53,138.35,417.18,-0.829999999999984,139.18,0,0,0,0,0,0,0,0,0,0,0,0,"Entrenamiento",-89.0353883359644,"Regresión Multiple"
"237",2010-12-05,2476.69,555.53,1921.16,417.18,-0.829999999999984,139.18,0,0,0,0,0,0,0,0,0,0,0,"Entrenamiento",-455.463517421576,"Regresión Multiple"
"238",2010-12-06,162.44,2476.69,-2314.25,1921.16,417.18,-0.829999999999984,139.18,0,0,0,0,0,0,0,0,0,0,"Entrenamiento",-2172.23521732193,"Regresión Multiple"
"239",2010-12-07,596.8,162.44,434.36,-2314.25,1921.16,417.18,-0.829999999999984,139.18,0,0,0,0,0,0,0,0,0,"Entrenamiento",244.680192231925,"Regresión Multiple"
"240",2010-12-08,509.95,596.8,-86.8499999999999,434.36,-2314.25,1921.16,417.18,-0.829999999999984,139.18,0,0,0,0,0,0,0,0,"Entrenamiento",-128.620979902172,"Regresión Multiple"
"241",2010-12-09,891.79,509.95,381.84,-86.8499999999999,434.36,-2314.25,1921.16,417.18,-0.829999999999984,139.18,0,0,0,0,0,0,0,"Entrenamiento",-175.095603282747,"Regresión Multiple"
"242",2010-12-10,2360.41,891.79,1468.62,381.84,-86.8499999999999,434.36,-2314.25,1921.16,417.18,-0.829999999999984,139.18,0,0,0,0,0,0,"Entrenamiento",-317.109369441261,"Regresión Multiple"
"243",2010-12-13,-12.45,2360.41,-2372.86,1468.62,381.84,-86.8499999999999,434.36,-2314.25,1921.16,417.18,-0.829999999999984,139.18,0,0,0,0,0,"Entrenamiento",-1543.12454522194,"Regresión Multiple"
"244",2010-12-15,-52.9,-12.45,-40.45,-2372.86,1468.62,381.84,-86.8499999999999,434.36,-2314.25,1921.16,417.18,-0.829999999999984,139.18,0,0,0,0,"Entrenamiento",594.560395778697,"Regresión Multiple"
"245",2010-12-16,-11.55,-52.9,41.35,-40.45,-2372.86,1468.62,381.84,-86.8499999999999,434.36,-2314.25,1921.16,417.18,-0.829999999999984,139.18,0,0,0,"Entrenamiento",915.512117145921,"Regresión Multiple"
"246",2010-12-17,4672.82,-11.55,4684.37,41.35,-40.45,-2372.86,1468.62,381.84,-86.8499999999999,434.36,-2314.25,1921.16,417.18,-0.829999999999984,139.18,0,0,"Entrenamiento",531.292579906211,"Regresión Multiple"
"247",2010-12-19,469.87,4672.82,-4202.95,4684.37,41.35,-40.45,-2372.86,1468.62,381.84,-86.8499999999999,434.36,-2314.25,1921.16,417.18,-0.829999999999984,139.18,0,"Entrenamiento",-3528.53352624925,"Regresión Multiple"
"248",2010-12-20,331.31,469.87,-138.56,-4202.95,4684.37,41.35,-40.45,-2372.86,1468.62,381.84,-86.8499999999999,434.36,-2314.25,1921.16,417.18,-0.829999999999984,139.18,"Entrenamiento",645.913091675353,"Regresión Multiple"
"249",2010-12-23,1334.6,331.31,1003.29,-138.56,-4202.95,4684.37,41.35,-40.45,-2372.86,1468.62,381.84,-86.8499999999999,434.36,-2314.25,1921.16,417.18,-0.829999999999984,"Entrenamiento",765.743483236498,"Regresión Multiple"
"250",2011-01-05,-148.54,1334.6,-1483.14,1003.29,-138.56,-4202.95,4684.37,41.35,-40.45,-2372.86,1468.62,381.84,-86.8499999999999,434.36,-2314.25,1921.16,417.18,"Entrenamiento",-482.595409994403,"Regresión Multiple"
"251",2011-01-06,-6.6,-148.54,141.94,-1483.14,1003.29,-138.56,-4202.95,4684.37,41.35,-40.45,-2372.86,1468.62,381.84,-86.8499999999999,434.36,-2314.25,1921.16,"Entrenamiento",1116.98324423532,"Regresión Multiple"
"252",2011-01-07,3976.13,-6.6,3982.73,141.94,-1483.14,1003.29,-138.56,-4202.95,4684.37,41.35,-40.45,-2372.86,1468.62,381.84,-86.8499999999999,434.36,-2314.25,"Entrenamiento",1290.86918328841,"Regresión Multiple"
"253",2011-01-10,660.43,3976.13,-3315.7,3982.73,141.94,-1483.14,1003.29,-138.56,-4202.95,4684.37,41.35,-40.45,-2372.86,1468.62,381.84,-86.8499999999999,434.36,"Entrenamiento",-3457.28955248566,"Regresión Multiple"
"254",2011-01-11,144.26,660.43,-516.17,-3315.7,3982.73,141.94,-1483.14,1003.29,-138.56,-4202.95,4684.37,41.35,-40.45,-2372.86,1468.62,381.84,-86.8499999999999,"Entrenamiento",805.122110548515,"Regresión Multiple"
"255",2011-01-12,249.4,144.26,105.14,-516.17,-3315.7,3982.73,141.94,-1483.14,1003.29,-138.56,-4202.95,4684.37,41.35,-40.45,-2372.86,1468.62,381.84,"Entrenamiento",988.924541897925,"Regresión Multiple"
"256",2011-01-13,753.45,249.4,504.05,105.14,-516.17,-3315.7,3982.73,141.94,-1483.14,1003.29,-138.56,-4202.95,4684.37,41.35,-40.45,-2372.86,1468.62,"Entrenamiento",674.871272236784,"Regresión Multiple"
"257",2011-01-14,534.02,753.45,-219.43,504.05,105.14,-516.17,-3315.7,3982.73,141.94,-1483.14,1003.29,-138.56,-4202.95,4684.37,41.35,-40.45,-2372.86,"Entrenamiento",60.0689283157938,"Regresión Multiple"
"258",2011-01-17,1316.9,534.02,782.88,-219.43,504.05,105.14,-516.17,-3315.7,3982.73,141.94,-1483.14,1003.29,-138.56,-4202.95,4684.37,41.35,-40.45,"Entrenamiento",810.658623542556,"Regresión Multiple"
"259",2011-01-18,132.52,1316.9,-1184.38,782.88,-219.43,504.05,105.14,-516.17,-3315.7,3982.73,141.94,-1483.14,1003.29,-138.56,-4202.95,4684.37,41.35,"Entrenamiento",-746.40917159165,"Regresión Multiple"
"260",2011-01-19,63,132.52,-69.52,-1184.38,782.88,-219.43,504.05,105.14,-516.17,-3315.7,3982.73,141.94,-1483.14,1003.29,-138.56,-4202.95,4684.37,"Entrenamiento",709.326533511749,"Regresión Multiple"
"261",2011-01-21,-62.25,63,-125.25,-69.52,-1184.38,782.88,-219.43,504.05,105.14,-516.17,-3315.7,3982.73,141.94,-1483.14,1003.29,-138.56,-4202.95,"Entrenamiento",700.3240067959,"Regresión Multiple"
"262",2011-01-24,2364.78,-62.25,2427.03,-125.25,-69.52,-1184.38,782.88,-219.43,504.05,105.14,-516.17,-3315.7,3982.73,141.94,-1483.14,1003.29,-138.56,"Entrenamiento",859.886335495824,"Regresión Multiple"
"263",2011-01-25,2372.14,2364.78,7.35999999999967,2427.03,-125.25,-69.52,-1184.38,782.88,-219.43,504.05,105.14,-516.17,-3315.7,3982.73,141.94,-1483.14,1003.29,"Entrenamiento",-1802.36173880598,"Regresión Multiple"
"264",2011-01-26,1175.76,2372.14,-1196.38,7.35999999999967,2427.03,-125.25,-69.52,-1184.38,782.88,-219.43,504.05,105.14,-516.17,-3315.7,3982.73,141.94,-1483.14,"Entrenamiento",-1234.72521673987,"Regresión Multiple"
"265",2011-01-27,673.53,1175.76,-502.23,-1196.38,7.35999999999967,2427.03,-125.25,-69.52,-1184.38,782.88,-219.43,504.05,105.14,-516.17,-3315.7,3982.73,141.94,"Entrenamiento",-278.324342688142,"Regresión Multiple"
"266",2011-01-28,-79.71,673.53,-753.24,-502.23,-1196.38,7.35999999999967,2427.03,-125.25,-69.52,-1184.38,782.88,-219.43,504.05,105.14,-516.17,-3315.7,3982.73,"Entrenamiento",252.085378753029,"Regresión Multiple"
"267",2011-01-31,2332.21,-79.71,2411.92,-753.24,-502.23,-1196.38,7.35999999999967,2427.03,-125.25,-69.52,-1184.38,782.88,-219.43,504.05,105.14,-516.17,-3315.7,"Entrenamiento",829.853524186272,"Regresión Multiple"
"268",2011-02-01,264.65,2332.21,-2067.56,2411.92,-753.24,-502.23,-1196.38,7.35999999999967,2427.03,-125.25,-69.52,-1184.38,782.88,-219.43,504.05,105.14,-516.17,"Entrenamiento",-1162.20056296198,"Regresión Multiple"
"269",2011-02-02,50.1,264.65,-214.55,-2067.56,2411.92,-753.24,-502.23,-1196.38,7.35999999999967,2427.03,-125.25,-69.52,-1184.38,782.88,-219.43,504.05,105.14,"Entrenamiento",581.742034995499,"Regresión Multiple"
"270",2011-02-03,1642.54,50.1,1592.44,-214.55,-2067.56,2411.92,-753.24,-502.23,-1196.38,7.35999999999967,2427.03,-125.25,-69.52,-1184.38,782.88,-219.43,504.05,"Entrenamiento",939.15814265149,"Regresión Multiple"
"271",2011-02-04,-71.9,1642.54,-1714.44,1592.44,-214.55,-2067.56,2411.92,-753.24,-502.23,-1196.38,7.35999999999967,2427.03,-125.25,-69.52,-1184.38,782.88,-219.43,"Entrenamiento",-825.31808602408,"Regresión Multiple"
"272",2011-02-07,-94.93,-71.9,-23.03,-1714.44,1592.44,-214.55,-2067.56,2411.92,-753.24,-502.23,-1196.38,7.35999999999967,2427.03,-125.25,-69.52,-1184.38,782.88,"Entrenamiento",1077.62139876759,"Regresión Multiple"
"273",2011-02-08,-125.93,-94.93,-31,-23.03,-1714.44,1592.44,-214.55,-2067.56,2411.92,-753.24,-502.23,-1196.38,7.35999999999967,2427.03,-125.25,-69.52,-1184.38,"Entrenamiento",1153.37541100583,"Regresión Multiple"
"274",2011-02-09,168.9,-125.93,294.83,-31,-23.03,-1714.44,1592.44,-214.55,-2067.56,2411.92,-753.24,-502.23,-1196.38,7.35999999999967,2427.03,-125.25,-69.52,"Entrenamiento",597.460099390115,"Regresión Multiple"
"275",2011-02-10,351.95,168.9,183.05,294.83,-31,-23.03,-1714.44,1592.44,-214.55,-2067.56,2411.92,-753.24,-502.23,-1196.38,7.35999999999967,2427.03,-125.25,"Entrenamiento",573.667682764795,"Regresión Multiple"
"276",2011-02-11,2231.15,351.95,1879.2,183.05,294.83,-31,-23.03,-1714.44,1592.44,-214.55,-2067.56,2411.92,-753.24,-502.23,-1196.38,7.35999999999967,2427.03,"Entrenamiento",197.939051424714,"Regresión Multiple"
"277",2011-02-14,769.74,2231.15,-1461.41,1879.2,183.05,294.83,-31,-23.03,-1714.44,1592.44,-214.55,-2067.56,2411.92,-753.24,-502.23,-1196.38,7.35999999999967,"Entrenamiento",-1648.83784424969,"Regresión Multiple"
"278",2011-02-17,540.58,769.74,-229.16,-1461.41,1879.2,183.05,294.83,-31,-23.03,-1714.44,1592.44,-214.55,-2067.56,2411.92,-753.24,-502.23,-1196.38,"Entrenamiento",-157.119883029406,"Regresión Multiple"
"279",2011-02-18,152.4,540.58,-388.18,-229.16,-1461.41,1879.2,183.05,294.83,-31,-23.03,-1714.44,1592.44,-214.55,-2067.56,2411.92,-753.24,-502.23,"Entrenamiento",197.292195475225,"Regresión Multiple"
"280",2011-02-21,1401.29,152.4,1248.89,-388.18,-229.16,-1461.41,1879.2,183.05,294.83,-31,-23.03,-1714.44,1592.44,-214.55,-2067.56,2411.92,-753.24,"Entrenamiento",411.054896203128,"Regresión Multiple"
"281",2011-02-23,388.3,1401.29,-1012.99,1248.89,-388.18,-229.16,-1461.41,1879.2,183.05,294.83,-31,-23.03,-1714.44,1592.44,-214.55,-2067.56,2411.92,"Entrenamiento",-895.64819402783,"Regresión Multiple"
"282",2011-02-25,1300.4,388.3,912.1,-1012.99,1248.89,-388.18,-229.16,-1461.41,1879.2,183.05,294.83,-31,-23.03,-1714.44,1592.44,-214.55,-2067.56,"Entrenamiento",416.304495451747,"Regresión Multiple"
"283",2011-03-01,762.5,1300.4,-537.9,912.1,-1012.99,1248.89,-388.18,-229.16,-1461.41,1879.2,183.05,294.83,-31,-23.03,-1714.44,1592.44,-214.55,"Entrenamiento",-761.112155018031,"Regresión Multiple"
"284",2011-03-03,725.28,762.5,-37.22,-537.9,912.1,-1012.99,1248.89,-388.18,-229.16,-1461.41,1879.2,183.05,294.83,-31,-23.03,-1714.44,1592.44,"Entrenamiento",-16.5940480453273,"Regresión Multiple"
"285",2011-03-07,817.56,725.28,92.28,-37.22,-537.9,912.1,-1012.99,1248.89,-388.18,-229.16,-1461.41,1879.2,183.05,294.83,-31,-23.03,-1714.44,"Entrenamiento",37.6609080616325,"Regresión Multiple"
"286",2011-03-08,884.63,817.56,67.0700000000001,92.28,-37.22,-537.9,912.1,-1012.99,1248.89,-388.18,-229.16,-1461.41,1879.2,183.05,294.83,-31,-23.03,"Entrenamiento",160.890909912258,"Regresión Multiple"
"287",2011-03-11,973.17,884.63,88.54,67.0700000000001,92.28,-37.22,-537.9,912.1,-1012.99,1248.89,-388.18,-229.16,-1461.41,1879.2,183.05,294.83,-31,"Entrenamiento",-212.647655757167,"Regresión Multiple"
"288",2011-03-14,-44.85,973.17,-1018.02,88.54,67.0700000000001,92.28,-37.22,-537.9,912.1,-1012.99,1248.89,-388.18,-229.16,-1461.41,1879.2,183.05,294.83,"Entrenamiento",72.14251491528,"Regresión Multiple"
"289",2011-03-16,300.7,-44.85,345.55,-1018.02,88.54,67.0700000000001,92.28,-37.22,-537.9,912.1,-1012.99,1248.89,-388.18,-229.16,-1461.41,1879.2,183.05,"Entrenamiento",713.795345679623,"Regresión Multiple"
"290",2011-03-17,1311.45,300.7,1010.75,345.55,-1018.02,88.54,67.0700000000001,92.28,-37.22,-537.9,912.1,-1012.99,1248.89,-388.18,-229.16,-1461.41,1879.2,"Entrenamiento",492.103380060719,"Regresión Multiple"
"291",2011-03-18,2390.93,1311.45,1079.48,1010.75,345.55,-1018.02,88.54,67.0700000000001,92.28,-37.22,-537.9,912.1,-1012.99,1248.89,-388.18,-229.16,-1461.41,"Entrenamiento",-671.366015886327,"Regresión Multiple"
"292",2011-03-20,363.93,2390.93,-2027,1079.48,1010.75,345.55,-1018.02,88.54,67.0700000000001,92.28,-37.22,-537.9,912.1,-1012.99,1248.89,-388.18,-229.16,"Entrenamiento",-1361.38111834719,"Regresión Multiple"
"293",2011-03-22,1319.98,363.93,956.05,-2027,1079.48,1010.75,345.55,-1018.02,88.54,67.0700000000001,92.28,-37.22,-537.9,912.1,-1012.99,1248.89,-388.18,"Entrenamiento",555.743563452523,"Regresión Multiple"
"294",2011-03-24,-45.15,1319.98,-1365.13,956.05,-2027,1079.48,1010.75,345.55,-1018.02,88.54,67.0700000000001,92.28,-37.22,-537.9,912.1,-1012.99,1248.89,"Entrenamiento",-412.705556336725,"Regresión Multiple"
"295",2011-03-25,2645.14,-45.15,2690.29,-1365.13,956.05,-2027,1079.48,1010.75,345.55,-1018.02,88.54,67.0700000000001,92.28,-37.22,-537.9,912.1,-1012.99,"Entrenamiento",879.831205289189,"Regresión Multiple"
"296",2011-03-27,-3.75,2645.14,-2648.89,2690.29,-1365.13,956.05,-2027,1079.48,1010.75,345.55,-1018.02,88.54,67.0700000000001,92.28,-37.22,-537.9,912.1,"Entrenamiento",-1581.12382542183,"Regresión Multiple"
"297",2011-03-28,1087.47,-3.75,1091.22,-2648.89,2690.29,-1365.13,956.05,-2027,1079.48,1010.75,345.55,-1018.02,88.54,67.0700000000001,92.28,-37.22,-537.9,"Entrenamiento",995.152724925919,"Regresión Multiple"
"298",2011-03-30,364.05,1087.47,-723.42,1091.22,-2648.89,2690.29,-1365.13,956.05,-2027,1079.48,1010.75,345.55,-1018.02,88.54,67.0700000000001,92.28,-37.22,"Entrenamiento",-222.491124376963,"Regresión Multiple"
"299",2011-03-31,316.98,364.05,-47.07,-723.42,1091.22,-2648.89,2690.29,-1365.13,956.05,-2027,1079.48,1010.75,345.55,-1018.02,88.54,67.0700000000001,92.28,"Entrenamiento",613.769943982214,"Regresión Multiple"
"300",2011-04-01,348.68,316.98,31.7,-47.07,-723.42,1091.22,-2648.89,2690.29,-1365.13,956.05,-2027,1079.48,1010.75,345.55,-1018.02,88.54,67.0700000000001,"Entrenamiento",489.713994563808,"Regresión Multiple"
"301",2011-04-04,674.29,348.68,325.61,31.7,-47.07,-723.42,1091.22,-2648.89,2690.29,-1365.13,956.05,-2027,1079.48,1010.75,345.55,-1018.02,88.54,"Entrenamiento",751.520321675484,"Regresión Multiple"
"302",2011-04-05,-56.35,674.29,-730.64,325.61,31.7,-47.07,-723.42,1091.22,-2648.89,2690.29,-1365.13,956.05,-2027,1079.48,1010.75,345.55,-1018.02,"Entrenamiento",-184.927236948291,"Regresión Multiple"
"303",2011-04-06,-5.46,-56.35,50.89,-730.64,325.61,31.7,-47.07,-723.42,1091.22,-2648.89,2690.29,-1365.13,956.05,-2027,1079.48,1010.75,345.55,"Entrenamiento",1102.10794267926,"Regresión Multiple"
"304",2011-04-07,415.7,-5.46,421.16,50.89,-730.64,325.61,31.7,-47.07,-723.42,1091.22,-2648.89,2690.29,-1365.13,956.05,-2027,1079.48,1010.75,"Entrenamiento",383.379600840562,"Regresión Multiple"
"305",2011-04-08,1666.6,415.7,1250.9,421.16,50.89,-730.64,325.61,31.7,-47.07,-723.42,1091.22,-2648.89,2690.29,-1365.13,956.05,-2027,1079.48,"Entrenamiento",310.134370319264,"Regresión Multiple"
"306",2011-04-11,630.32,1666.6,-1036.28,1250.9,421.16,50.89,-730.64,325.61,31.7,-47.07,-723.42,1091.22,-2648.89,2690.29,-1365.13,956.05,-2027,"Entrenamiento",-1233.58094834719,"Regresión Multiple"
"307",2011-04-14,3439.06,630.32,2808.74,-1036.28,1250.9,421.16,50.89,-730.64,325.61,31.7,-47.07,-723.42,1091.22,-2648.89,2690.29,-1365.13,956.05,"Entrenamiento",189.580651346702,"Regresión Multiple"
"308",2011-04-18,0,3439.06,-3439.06,2808.74,-1036.28,1250.9,421.16,50.89,-730.64,325.61,31.7,-47.07,-723.42,1091.22,-2648.89,2690.29,-1365.13,"Entrenamiento",-2742.20725259957,"Regresión Multiple"
"309",2011-04-19,2590.9,0,2590.9,-3439.06,2808.74,-1036.28,1250.9,421.16,50.89,-730.64,325.61,31.7,-47.07,-723.42,1091.22,-2648.89,2690.29,"Entrenamiento",841.967120347347,"Regresión Multiple"
"310",2011-04-20,417.6,2590.9,-2173.3,2590.9,-3439.06,2808.74,-1036.28,1250.9,421.16,50.89,-730.64,325.61,31.7,-47.07,-723.42,1091.22,-2648.89,"Entrenamiento",-1560.89456413022,"Regresión Multiple"
"311",2011-04-21,382.6,417.6,-35,-2173.3,2590.9,-3439.06,2808.74,-1036.28,1250.9,421.16,50.89,-730.64,325.61,31.7,-47.07,-723.42,1091.22,"Entrenamiento",503.268958579248,"Regresión Multiple"
"312",2011-04-26,-37.25,382.6,-419.85,-35,-2173.3,2590.9,-3439.06,2808.74,-1036.28,1250.9,421.16,50.89,-730.64,325.61,31.7,-47.07,-723.42,"Entrenamiento",543.424695338143,"Regresión Multiple"
"313",2011-04-27,1209.8,-37.25,1247.05,-419.85,-35,-2173.3,2590.9,-3439.06,2808.74,-1036.28,1250.9,421.16,50.89,-730.64,325.61,31.7,-47.07,"Entrenamiento",1078.29094143543,"Regresión Multiple"
"314",2011-04-28,286.88,1209.8,-922.92,1247.05,-419.85,-35,-2173.3,2590.9,-3439.06,2808.74,-1036.28,1250.9,421.16,50.89,-730.64,325.61,31.7,"Entrenamiento",-588.641212989633,"Regresión Multiple"
"315",2011-05-01,1094.33,286.88,807.45,-922.92,1247.05,-419.85,-35,-2173.3,2590.9,-3439.06,2808.74,-1036.28,1250.9,421.16,50.89,-730.64,325.61,"Entrenamiento",1019.99437812983,"Regresión Multiple"
"316",2011-05-03,-13.1,1094.33,-1107.43,807.45,-922.92,1247.05,-419.85,-35,-2173.3,2590.9,-3439.06,2808.74,-1036.28,1250.9,421.16,50.89,-730.64,"Entrenamiento",-402.556366126947,"Regresión Multiple"
"317",2011-05-04,822.74,-13.1,835.84,-1107.43,807.45,-922.92,1247.05,-419.85,-35,-2173.3,2590.9,-3439.06,2808.74,-1036.28,1250.9,421.16,50.89,"Entrenamiento",1189.80783571981,"Regresión Multiple"
"318",2011-05-05,440.38,822.74,-382.36,835.84,-1107.43,807.45,-922.92,1247.05,-419.85,-35,-2173.3,2590.9,-3439.06,2808.74,-1036.28,1250.9,421.16,"Entrenamiento",-202.070104468448,"Regresión Multiple"
"319",2011-05-06,240.98,440.38,-199.4,-382.36,835.84,-1107.43,807.45,-922.92,1247.05,-419.85,-35,-2173.3,2590.9,-3439.06,2808.74,-1036.28,1250.9,"Entrenamiento",642.080695435438,"Regresión Multiple"
"320",2011-05-09,624.48,240.98,383.5,-199.4,-382.36,835.84,-1107.43,807.45,-922.92,1247.05,-419.85,-35,-2173.3,2590.9,-3439.06,2808.74,-1036.28,"Entrenamiento",179.478076451127,"Regresión Multiple"
"321",2011-05-10,797.05,624.48,172.57,383.5,-199.4,-382.36,835.84,-1107.43,807.45,-922.92,1247.05,-419.85,-35,-2173.3,2590.9,-3439.06,2808.74,"Entrenamiento",143.735747774368,"Regresión Multiple"
"322",2011-05-11,369.05,797.05,-428,172.57,383.5,-199.4,-382.36,835.84,-1107.43,807.45,-922.92,1247.05,-419.85,-35,-2173.3,2590.9,-3439.06,"Entrenamiento",-385.863310930734,"Regresión Multiple"
"323",2011-05-12,12165.25,369.05,11796.2,-428,172.57,383.5,-199.4,-382.36,835.84,-1107.43,807.45,-922.92,1247.05,-419.85,-35,-2173.3,2590.9,"Entrenamiento",366.758281025562,"Regresión Multiple"
"324",2011-05-13,881.2,12165.25,-11284.05,11796.2,-428,172.57,383.5,-199.4,-382.36,835.84,-1107.43,807.45,-922.92,1247.05,-419.85,-35,-2173.3,"Entrenamiento",-10829.1313143221,"Regresión Multiple"
"325",2011-05-17,742.28,881.2,-138.92,-11284.05,11796.2,-428,172.57,383.5,-199.4,-382.36,835.84,-1107.43,807.45,-922.92,1247.05,-419.85,-35,"Entrenamiento",1101.24910432994,"Regresión Multiple"
"326",2011-05-19,2059.22,742.28,1316.94,-138.92,-11284.05,11796.2,-428,172.57,383.5,-199.4,-382.36,835.84,-1107.43,807.45,-922.92,1247.05,-419.85,"Entrenamiento",1331.92506611034,"Regresión Multiple"
"327",2011-05-20,-29.9,2059.22,-2089.12,1316.94,-138.92,-11284.05,11796.2,-428,172.57,383.5,-199.4,-382.36,835.84,-1107.43,807.45,-922.92,1247.05,"Entrenamiento",-737.542113514968,"Regresión Multiple"
"328",2011-05-22,1703.81,-29.9,1733.71,-2089.12,1316.94,-138.92,-11284.05,11796.2,-428,172.57,383.5,-199.4,-382.36,835.84,-1107.43,807.45,-922.92,"Entrenamiento",1788.62049918447,"Regresión Multiple"
"329",2011-05-23,985.88,1703.81,-717.93,1733.71,-2089.12,1316.94,-138.92,-11284.05,11796.2,-428,172.57,383.5,-199.4,-382.36,835.84,-1107.43,807.45,"Entrenamiento",929.985202959818,"Regresión Multiple"
"330",2011-05-24,293.25,985.88,-692.63,-717.93,1733.71,-2089.12,1316.94,-138.92,-11284.05,11796.2,-428,172.57,383.5,-199.4,-382.36,835.84,-1107.43,"Entrenamiento",-300.551680317204,"Regresión Multiple"
"331",2011-05-26,1027.53,293.25,734.28,-692.63,-717.93,1733.71,-2089.12,1316.94,-138.92,-11284.05,11796.2,-428,172.57,383.5,-199.4,-382.36,835.84,"Entrenamiento",2060.14715553225,"Regresión Multiple"
"332",2011-05-27,716.73,1027.53,-310.8,734.28,-692.63,-717.93,1733.71,-2089.12,1316.94,-138.92,-11284.05,11796.2,-428,172.57,383.5,-199.4,-382.36,"Entrenamiento",523.593017745024,"Regresión Multiple"
"333",2011-05-29,582.73,716.73,-134,-310.8,734.28,-692.63,-717.93,1733.71,-2089.12,1316.94,-138.92,-11284.05,11796.2,-428,172.57,383.5,-199.4,"Entrenamiento",1408.20414250871,"Regresión Multiple"
"334",2011-05-31,67.46,582.73,-515.27,-134,-310.8,734.28,-692.63,-717.93,1733.71,-2089.12,1316.94,-138.92,-11284.05,11796.2,-428,172.57,383.5,"Entrenamiento",584.373525282964,"Regresión Multiple"
"335",2011-06-01,613.79,67.46,546.33,-515.27,-134,-310.8,734.28,-692.63,-717.93,1733.71,-2089.12,1316.94,-138.92,-11284.05,11796.2,-428,172.57,"Entrenamiento",1534.74648671383,"Regresión Multiple"
"336",2011-06-02,1970.88,613.79,1357.09,546.33,-515.27,-134,-310.8,734.28,-692.63,-717.93,1733.71,-2089.12,1316.94,-138.92,-11284.05,11796.2,-428,"Entrenamiento",249.679461590145,"Regresión Multiple"
"337",2011-06-03,68.1,1970.88,-1902.78,1357.09,546.33,-515.27,-134,-310.8,734.28,-692.63,-717.93,1733.71,-2089.12,1316.94,-138.92,-11284.05,11796.2,"Entrenamiento",-1174.47751509434,"Regresión Multiple"
"338",2011-06-05,1002.63,68.1,934.53,-1902.78,1357.09,546.33,-515.27,-134,-310.8,734.28,-692.63,-717.93,1733.71,-2089.12,1316.94,-138.92,-11284.05,"Entrenamiento",892.955844241985,"Regresión Multiple"
"339",2011-06-06,489.45,1002.63,-513.18,934.53,-1902.78,1357.09,546.33,-515.27,-134,-310.8,734.28,-692.63,-717.93,1733.71,-2089.12,1316.94,-138.92,"Entrenamiento",-246.083904276047,"Regresión Multiple"
"340",2011-06-07,-40.46,489.45,-529.91,-513.18,934.53,-1902.78,1357.09,546.33,-515.27,-134,-310.8,734.28,-692.63,-717.93,1733.71,-2089.12,1316.94,"Entrenamiento",176.039853115521,"Regresión Multiple"
"341",2011-06-09,475.14,-40.46,515.6,-529.91,-513.18,934.53,-1902.78,1357.09,546.33,-515.27,-134,-310.8,734.28,-692.63,-717.93,1733.71,-2089.12,"Entrenamiento",854.190431825678,"Regresión Multiple"
"342",2011-06-10,627.4,475.14,152.26,515.6,-529.91,-513.18,934.53,-1902.78,1357.09,546.33,-515.27,-134,-310.8,734.28,-692.63,-717.93,1733.71,"Entrenamiento",151.529113561837,"Regresión Multiple"
"343",2011-06-12,583.2,627.4,-44.1999999999999,152.26,515.6,-529.91,-513.18,934.53,-1902.78,1357.09,546.33,-515.27,-134,-310.8,734.28,-692.63,-717.93,"Entrenamiento",-154.476940064416,"Regresión Multiple"
"344",2011-06-13,2557.64,583.2,1974.44,-44.1999999999999,152.26,515.6,-529.91,-513.18,934.53,-1902.78,1357.09,546.33,-515.27,-134,-310.8,734.28,-692.63,"Entrenamiento",169.565270172178,"Regresión Multiple"
"345",2011-06-16,679.15,2557.64,-1878.49,1974.44,-44.1999999999999,152.26,515.6,-529.91,-513.18,934.53,-1902.78,1357.09,546.33,-515.27,-134,-310.8,734.28,"Entrenamiento",-1858.83734797813,"Regresión Multiple"
"346",2011-06-20,1920.4,679.15,1241.25,-1878.49,1974.44,-44.1999999999999,152.26,515.6,-529.91,-513.18,934.53,-1902.78,1357.09,546.33,-515.27,-134,-310.8,"Entrenamiento",206.509751746547,"Regresión Multiple"
"347",2011-06-21,427.76,1920.4,-1492.64,1241.25,-1878.49,1974.44,-44.1999999999999,152.26,515.6,-529.91,-513.18,934.53,-1902.78,1357.09,546.33,-515.27,-134,"Entrenamiento",-989.603274645354,"Regresión Multiple"
"348",2011-06-23,276.93,427.76,-150.83,-1492.64,1241.25,-1878.49,1974.44,-44.1999999999999,152.26,515.6,-529.91,-513.18,934.53,-1902.78,1357.09,546.33,-515.27,"Entrenamiento",503.23046539784,"Regresión Multiple"
"349",2011-06-24,185.64,276.93,-91.29,-150.83,-1492.64,1241.25,-1878.49,1974.44,-44.1999999999999,152.26,515.6,-529.91,-513.18,934.53,-1902.78,1357.09,546.33,"Entrenamiento",554.135985701665,"Regresión Multiple"
"350",2011-06-26,44.25,185.64,-141.39,-91.29,-150.83,-1492.64,1241.25,-1878.49,1974.44,-44.1999999999999,152.26,515.6,-529.91,-513.18,934.53,-1902.78,1357.09,"Entrenamiento",661.822854223985,"Regresión Multiple"
"351",2011-06-30,1199.12,44.25,1154.87,-141.39,-91.29,-150.83,-1492.64,1241.25,-1878.49,1974.44,-44.1999999999999,152.26,515.6,-529.91,-513.18,934.53,-1902.78,"Entrenamiento",531.211405205952,"Regresión Multiple"
"352",2011-07-01,37.27,1199.12,-1161.85,1154.87,-141.39,-91.29,-150.83,-1492.64,1241.25,-1878.49,1974.44,-44.1999999999999,152.26,515.6,-529.91,-513.18,934.53,"Entrenamiento",-279.7271330144,"Regresión Multiple"
"353",2011-07-04,1028.42,37.27,991.15,-1161.85,1154.87,-141.39,-91.29,-150.83,-1492.64,1241.25,-1878.49,1974.44,-44.1999999999999,152.26,515.6,-529.91,-513.18,"Entrenamiento",558.655052511314,"Regresión Multiple"
"354",2011-07-07,1183.29,1028.42,154.87,991.15,-1161.85,1154.87,-141.39,-91.29,-150.83,-1492.64,1241.25,-1878.49,1974.44,-44.1999999999999,152.26,515.6,-529.91,"Entrenamiento",-57.1880611521338,"Regresión Multiple"
"355",2011-07-08,1001.69,1183.29,-181.6,154.87,991.15,-1161.85,1154.87,-141.39,-91.29,-150.83,-1492.64,1241.25,-1878.49,1974.44,-44.1999999999999,152.26,515.6,"Entrenamiento",-552.585263344743,"Regresión Multiple"
"356",2011-07-12,558.96,1001.69,-442.73,-181.6,154.87,991.15,-1161.85,1154.87,-141.39,-91.29,-150.83,-1492.64,1241.25,-1878.49,1974.44,-44.1999999999999,152.26,"Entrenamiento",-2.20939009737307,"Regresión Multiple"
"357",2011-07-13,281.71,558.96,-277.25,-442.73,-181.6,154.87,991.15,-1161.85,1154.87,-141.39,-91.29,-150.83,-1492.64,1241.25,-1878.49,1974.44,-44.1999999999999,"Entrenamiento",166.097171682987,"Regresión Multiple"
"358",2011-07-14,1550.83,281.71,1269.12,-277.25,-442.73,-181.6,154.87,991.15,-1161.85,1154.87,-141.39,-91.29,-150.83,-1492.64,1241.25,-1878.49,1974.44,"Entrenamiento",312.711895763035,"Regresión Multiple"
"359",2011-07-15,1337.11,1550.83,-213.72,1269.12,-277.25,-442.73,-181.6,154.87,991.15,-1161.85,1154.87,-141.39,-91.29,-150.83,-1492.64,1241.25,-1878.49,"Entrenamiento",-773.410655554213,"Regresión Multiple"
"360",2011-07-17,345.23,1337.11,-991.88,-213.72,1269.12,-277.25,-442.73,-181.6,154.87,991.15,-1161.85,1154.87,-141.39,-91.29,-150.83,-1492.64,1241.25,"Entrenamiento",-601.740120987845,"Regresión Multiple"
"361",2011-07-19,2438.5,345.23,2093.27,-991.88,-213.72,1269.12,-277.25,-442.73,-181.6,154.87,991.15,-1161.85,1154.87,-141.39,-91.29,-150.83,-1492.64,"Entrenamiento",560.399410060668,"Regresión Multiple"
"362",2011-07-20,947.97,2438.5,-1490.53,2093.27,-991.88,-213.72,1269.12,-277.25,-442.73,-181.6,154.87,991.15,-1161.85,1154.87,-141.39,-91.29,-150.83,"Entrenamiento",-1615.90301777023,"Regresión Multiple"
"363",2011-07-21,1905.63,947.97,957.66,-1490.53,2093.27,-991.88,-213.72,1269.12,-277.25,-442.73,-181.6,154.87,991.15,-1161.85,1154.87,-141.39,-91.29,"Entrenamiento",134.825025320204,"Regresión Multiple"
"364",2011-07-22,768.02,1905.63,-1137.61,957.66,-1490.53,2093.27,-991.88,-213.72,1269.12,-277.25,-442.73,-181.6,154.87,991.15,-1161.85,1154.87,-141.39,"Entrenamiento",-648.605222569938,"Regresión Multiple"
"365",2011-07-24,612.1,768.02,-155.92,-1137.61,957.66,-1490.53,2093.27,-991.88,-213.72,1269.12,-277.25,-442.73,-181.6,154.87,991.15,-1161.85,1154.87,"Entrenamiento",268.059085306328,"Regresión Multiple"
"366",2011-07-25,1131.18,612.1,519.08,-155.92,-1137.61,957.66,-1490.53,2093.27,-991.88,-213.72,1269.12,-277.25,-442.73,-181.6,154.87,991.15,-1161.85,"Entrenamiento",493.082499480259,"Regresión Multiple"
"367",2011-07-26,-147.9,1131.18,-1279.08,519.08,-155.92,-1137.61,957.66,-1490.53,2093.27,-991.88,-213.72,1269.12,-277.25,-442.73,-181.6,154.87,991.15,"Entrenamiento",72.1932503394797,"Regresión Multiple"
"368",2011-07-27,440.7,-147.9,588.6,-1279.08,519.08,-155.92,-1137.61,957.66,-1490.53,2093.27,-991.88,-213.72,1269.12,-277.25,-442.73,-181.6,154.87,"Entrenamiento",1064.98630921513,"Regresión Multiple"
"369",2011-07-28,385.14,440.7,-55.56,588.6,-1279.08,519.08,-155.92,-1137.61,957.66,-1490.53,2093.27,-991.88,-213.72,1269.12,-277.25,-442.73,-181.6,"Entrenamiento",654.528690516236,"Regresión Multiple"
"370",2011-07-29,-84.19,385.14,-469.33,-55.56,588.6,-1279.08,519.08,-155.92,-1137.61,957.66,-1490.53,2093.27,-991.88,-213.72,1269.12,-277.25,-442.73,"Entrenamiento",344.189046021134,"Regresión Multiple"
"371",2011-08-01,1089.18,-84.19,1173.37,-469.33,-55.56,588.6,-1279.08,519.08,-155.92,-1137.61,957.66,-1490.53,2093.27,-991.88,-213.72,1269.12,-277.25,"Entrenamiento",1095.14342081907,"Regresión Multiple"
"372",2011-08-02,1135.27,1089.18,46.0899999999999,1173.37,-469.33,-55.56,588.6,-1279.08,519.08,-155.92,-1137.61,957.66,-1490.53,2093.27,-991.88,-213.72,1269.12,"Entrenamiento",-402.180052033216,"Regresión Multiple"
"373",2011-08-03,221.04,1135.27,-914.23,46.0899999999999,1173.37,-469.33,-55.56,588.6,-1279.08,519.08,-155.92,-1137.61,957.66,-1490.53,2093.27,-991.88,-213.72,"Entrenamiento",-323.733361660882,"Regresión Multiple"
"374",2011-08-04,1249.93,221.04,1028.89,-914.23,46.0899999999999,1173.37,-469.33,-55.56,588.6,-1279.08,519.08,-155.92,-1137.61,957.66,-1490.53,2093.27,-991.88,"Entrenamiento",551.621771295213,"Regresión Multiple"
"375",2011-08-05,1066.1,1249.93,-183.83,1028.89,-914.23,46.0899999999999,1173.37,-469.33,-55.56,588.6,-1279.08,519.08,-155.92,-1137.61,957.66,-1490.53,2093.27,"Entrenamiento",-579.67734947639,"Regresión Multiple"
"376",2011-08-07,107.4,1066.1,-958.7,-183.83,1028.89,-914.23,46.0899999999999,1173.37,-469.33,-55.56,588.6,-1279.08,519.08,-155.92,-1137.61,957.66,-1490.53,"Entrenamiento",-397.878405583982,"Regresión Multiple"
"377",2011-08-08,416.65,107.4,309.25,-958.7,-183.83,1028.89,-914.23,46.0899999999999,1173.37,-469.33,-55.56,588.6,-1279.08,519.08,-155.92,-1137.61,957.66,"Entrenamiento",605.340316934479,"Regresión Multiple"
"378",2011-08-09,102.98,416.65,-313.67,309.25,-958.7,-183.83,1028.89,-914.23,46.0899999999999,1173.37,-469.33,-55.56,588.6,-1279.08,519.08,-155.92,-1137.61,"Entrenamiento",187.334229125422,"Regresión Multiple"
"379",2011-08-11,-9.95,102.98,-112.93,-313.67,309.25,-958.7,-183.83,1028.89,-914.23,46.0899999999999,1173.37,-469.33,-55.56,588.6,-1279.08,519.08,-155.92,"Entrenamiento",350.467464850732,"Regresión Multiple"
"380",2011-08-12,-36.05,-9.95,-26.1,-112.93,-313.67,309.25,-958.7,-183.83,1028.89,-914.23,46.0899999999999,1173.37,-469.33,-55.56,588.6,-1279.08,519.08,"Entrenamiento",627.245574857624,"Regresión Multiple"
"381",2011-08-15,378.12,-36.05,414.17,-26.1,-112.93,-313.67,309.25,-958.7,-183.83,1028.89,-914.23,46.0899999999999,1173.37,-469.33,-55.56,588.6,-1279.08,"Entrenamiento",506.572842868639,"Regresión Multiple"
"382",2011-08-16,115.3,378.12,-262.82,414.17,-26.1,-112.93,-313.67,309.25,-958.7,-183.83,1028.89,-914.23,46.0899999999999,1173.37,-469.33,-55.56,588.6,"Entrenamiento",29.8536223513285,"Regresión Multiple"
"383",2011-08-17,748.06,115.3,632.76,-262.82,414.17,-26.1,-112.93,-313.67,309.25,-958.7,-183.83,1028.89,-914.23,46.0899999999999,1173.37,-469.33,-55.56,"Entrenamiento",355.503534531935,"Regresión Multiple"
"384",2011-08-19,877.63,748.06,129.57,632.76,-262.82,414.17,-26.1,-112.93,-313.67,309.25,-958.7,-183.83,1028.89,-914.23,46.0899999999999,1173.37,-469.33,"Entrenamiento",-272.82400460886,"Regresión Multiple"
"385",2011-08-21,324.83,877.63,-552.8,129.57,632.76,-262.82,414.17,-26.1,-112.93,-313.67,309.25,-958.7,-183.83,1028.89,-914.23,46.0899999999999,1173.37,"Entrenamiento",-460.015450323818,"Regresión Multiple"
"386",2011-08-22,2269.37,324.83,1944.54,-552.8,129.57,632.76,-262.82,414.17,-26.1,-112.93,-313.67,309.25,-958.7,-183.83,1028.89,-914.23,46.0899999999999,"Entrenamiento",114.418711222425,"Regresión Multiple"
"387",2011-08-23,443.17,2269.37,-1826.2,1944.54,-552.8,129.57,632.76,-262.82,414.17,-26.1,-112.93,-313.67,309.25,-958.7,-183.83,1028.89,-914.23,"Entrenamiento",-1671.40419132039,"Regresión Multiple"
"388",2011-08-24,1691.43,443.17,1248.26,-1826.2,1944.54,-552.8,129.57,632.76,-262.82,414.17,-26.1,-112.93,-313.67,309.25,-958.7,-183.83,1028.89,"Entrenamiento",57.3745716412122,"Regresión Multiple"
"389",2011-08-25,620.15,1691.43,-1071.28,1248.26,-1826.2,1944.54,-552.8,129.57,632.76,-262.82,414.17,-26.1,-112.93,-313.67,309.25,-958.7,-183.83,"Entrenamiento",-900.119681100395,"Regresión Multiple"
"390",2011-08-26,405.13,620.15,-215.02,-1071.28,1248.26,-1826.2,1944.54,-552.8,129.57,632.76,-262.82,414.17,-26.1,-112.93,-313.67,309.25,-958.7,"Entrenamiento",-0.0230054323180386,"Regresión Multiple"
"391",2011-08-30,403.83,405.13,-1.30000000000001,-215.02,-1071.28,1248.26,-1826.2,1944.54,-552.8,129.57,632.76,-262.82,414.17,-26.1,-112.93,-313.67,309.25,"Entrenamiento",364.783544872301,"Regresión Multiple"
"392",2011-08-31,5404.08,403.83,5000.25,-1.30000000000001,-215.02,-1071.28,1248.26,-1826.2,1944.54,-552.8,129.57,632.76,-262.82,414.17,-26.1,-112.93,-313.67,"Entrenamiento",405.955082129204,"Regresión Multiple"
"393",2011-09-01,-37.7,5404.08,-5441.78,5000.25,-1.30000000000001,-215.02,-1071.28,1248.26,-1826.2,1944.54,-552.8,129.57,632.76,-262.82,414.17,-26.1,-112.93,"Entrenamiento",-4405.63065140254,"Regresión Multiple"
"394",2011-09-02,378.86,-37.7,416.56,-5441.78,5000.25,-1.30000000000001,-215.02,-1071.28,1248.26,-1826.2,1944.54,-552.8,129.57,632.76,-262.82,414.17,-26.1,"Entrenamiento",1479.79335524263,"Regresión Multiple"
"395",2011-09-04,2390.71,378.86,2011.85,416.56,-5441.78,5000.25,-1.30000000000001,-215.02,-1071.28,1248.26,-1826.2,1944.54,-552.8,129.57,632.76,-262.82,414.17,"Entrenamiento",797.930283090088,"Regresión Multiple"
"396",2011-09-05,-19.03,2390.71,-2409.74,2011.85,416.56,-5441.78,5000.25,-1.30000000000001,-215.02,-1071.28,1248.26,-1826.2,1944.54,-552.8,129.57,632.76,-262.82,"Entrenamiento",-1215.51321821106,"Regresión Multiple"
"397",2011-09-06,1002.44,-19.03,1021.47,-2409.74,2011.85,416.56,-5441.78,5000.25,-1.30000000000001,-215.02,-1071.28,1248.26,-1826.2,1944.54,-552.8,129.57,632.76,"Entrenamiento",1205.60749668069,"Regresión Multiple"
"398",2011-09-08,1235.38,1002.44,232.94,1021.47,-2409.74,2011.85,416.56,-5441.78,5000.25,-1.30000000000001,-215.02,-1071.28,1248.26,-1826.2,1944.54,-552.8,129.57,"Entrenamiento",726.863720131882,"Regresión Multiple"
"399",2011-09-09,-149.03,1235.38,-1384.41,232.94,1021.47,-2409.74,2011.85,416.56,-5441.78,5000.25,-1.30000000000001,-215.02,-1071.28,1248.26,-1826.2,1944.54,-552.8,"Entrenamiento",-718.680612624382,"Regresión Multiple"
"400",2011-09-11,1653.89,-149.03,1802.92,-1384.41,232.94,1021.47,-2409.74,2011.85,416.56,-5441.78,5000.25,-1.30000000000001,-215.02,-1071.28,1248.26,-1826.2,1944.54,"Entrenamiento",1611.86730645735,"Regresión Multiple"
"401",2011-09-13,199.8,1653.89,-1454.09,1802.92,-1384.41,232.94,1021.47,-2409.74,2011.85,416.56,-5441.78,5000.25,-1.30000000000001,-215.02,-1071.28,1248.26,-1826.2,"Entrenamiento",-546.411203538709,"Regresión Multiple"
"402",2011-09-14,351.65,199.8,151.85,-1454.09,1802.92,-1384.41,232.94,1021.47,-2409.74,2011.85,416.56,-5441.78,5000.25,-1.30000000000001,-215.02,-1071.28,1248.26,"Entrenamiento",879.20893341294,"Regresión Multiple"
"403",2011-09-16,1231.97,351.65,880.32,151.85,-1454.09,1802.92,-1384.41,232.94,1021.47,-2409.74,2011.85,416.56,-5441.78,5000.25,-1.30000000000001,-215.02,-1071.28,"Entrenamiento",585.691538523337,"Regresión Multiple"
"404",2011-09-19,2170.84,1231.97,938.87,880.32,151.85,-1454.09,1802.92,-1384.41,232.94,1021.47,-2409.74,2011.85,416.56,-5441.78,5000.25,-1.30000000000001,-215.02,"Entrenamiento",-184.884128257145,"Regresión Multiple"
"405",2011-09-20,128.28,2170.84,-2042.56,938.87,880.32,151.85,-1454.09,1802.92,-1384.41,232.94,1021.47,-2409.74,2011.85,416.56,-5441.78,5000.25,-1.30000000000001,"Entrenamiento",-1240.08615155955,"Regresión Multiple"
"406",2011-09-21,1049.04,128.28,920.76,-2042.56,938.87,880.32,151.85,-1454.09,1802.92,-1384.41,232.94,1021.47,-2409.74,2011.85,416.56,-5441.78,5000.25,"Entrenamiento",855.145218018627,"Regresión Multiple"
"407",2011-09-22,708.23,1049.04,-340.81,920.76,-2042.56,938.87,880.32,151.85,-1454.09,1802.92,-1384.41,232.94,1021.47,-2409.74,2011.85,416.56,-5441.78,"Entrenamiento",-173.207555534291,"Regresión Multiple"
"408",2011-09-23,2569.5,708.23,1861.27,-340.81,920.76,-2042.56,938.87,880.32,151.85,-1454.09,1802.92,-1384.41,232.94,1021.47,-2409.74,2011.85,416.56,"Entrenamiento",128.649672366398,"Regresión Multiple"
"409",2011-09-26,704.04,2569.5,-1865.46,1861.27,-340.81,920.76,-2042.56,938.87,880.32,151.85,-1454.09,1802.92,-1384.41,232.94,1021.47,-2409.74,2011.85,"Entrenamiento",-1537.87616588497,"Regresión Multiple"
"410",2011-09-27,402.45,704.04,-301.59,-1865.46,1861.27,-340.81,920.76,-2042.56,938.87,880.32,151.85,-1454.09,1802.92,-1384.41,232.94,1021.47,-2409.74,"Entrenamiento",496.165759279976,"Regresión Multiple"
"411",2011-09-28,359.92,402.45,-42.53,-301.59,-1865.46,1861.27,-340.81,920.76,-2042.56,938.87,880.32,151.85,-1454.09,1802.92,-1384.41,232.94,1021.47,"Entrenamiento",394.812092068993,"Regresión Multiple"
"412",2011-09-29,1107.13,359.92,747.21,-42.53,-301.59,-1865.46,1861.27,-340.81,920.76,-2042.56,938.87,880.32,151.85,-1454.09,1802.92,-1384.41,232.94,"Entrenamiento",692.7391969809,"Regresión Multiple"
"413",2011-09-30,281.94,1107.13,-825.19,747.21,-42.53,-301.59,-1865.46,1861.27,-340.81,920.76,-2042.56,938.87,880.32,151.85,-1454.09,1802.92,-1384.41,"Entrenamiento",-217.092448014153,"Regresión Multiple"
"414",2011-10-04,-7.05,281.94,-288.99,-825.19,747.21,-42.53,-301.59,-1865.46,1861.27,-340.81,920.76,-2042.56,938.87,880.32,151.85,-1454.09,1802.92,"Entrenamiento",850.33766417928,"Regresión Multiple"
"415",2011-10-05,4178.92,-7.05,4185.97,-288.99,-825.19,747.21,-42.53,-301.59,-1865.46,1861.27,-340.81,920.76,-2042.56,938.87,880.32,151.85,-1454.09,"Entrenamiento",623.147434887185,"Regresión Multiple"
"416",2011-10-06,3915.78,4178.92,-263.14,4185.97,-288.99,-825.19,747.21,-42.53,-301.59,-1865.46,1861.27,-340.81,920.76,-2042.56,938.87,880.32,151.85,"Entrenamiento",-2981.61422847182,"Regresión Multiple"
"417",2011-10-07,2866.85,3915.78,-1048.93,-263.14,4185.97,-288.99,-825.19,747.21,-42.53,-301.59,-1865.46,1861.27,-340.81,920.76,-2042.56,938.87,880.32,"Entrenamiento",-2603.74564537238,"Regresión Multiple"
"418",2011-10-10,272.98,2866.85,-2593.87,-1048.93,-263.14,4185.97,-288.99,-825.19,747.21,-42.53,-301.59,-1865.46,1861.27,-340.81,920.76,-2042.56,938.87,"Entrenamiento",-944.277433146786,"Regresión Multiple"
"419",2011-10-11,962.99,272.98,690.01,-2593.87,-1048.93,-263.14,4185.97,-288.99,-825.19,747.21,-42.53,-301.59,-1865.46,1861.27,-340.81,920.76,-2042.56,"Entrenamiento",1049.8423608772,"Regresión Multiple"
"420",2011-10-12,1231.46,962.99,268.47,690.01,-2593.87,-1048.93,-263.14,4185.97,-288.99,-825.19,747.21,-42.53,-301.59,-1865.46,1861.27,-340.81,920.76,"Entrenamiento",534.034923569872,"Regresión Multiple"
"421",2011-10-13,2047.14,1231.46,815.68,268.47,690.01,-2593.87,-1048.93,-263.14,4185.97,-288.99,-825.19,747.21,-42.53,-301.59,-1865.46,1861.27,-340.81,"Entrenamiento",379.636915272403,"Regresión Multiple"
"422",2011-10-14,1925.28,2047.14,-121.86,815.68,268.47,690.01,-2593.87,-1048.93,-263.14,4185.97,-288.99,-825.19,747.21,-42.53,-301.59,-1865.46,1861.27,"Entrenamiento",-562.158864687708,"Regresión Multiple"
"423",2011-10-17,3512.87,1925.28,1587.59,-121.86,815.68,268.47,690.01,-2593.87,-1048.93,-263.14,4185.97,-288.99,-825.19,747.21,-42.53,-301.59,-1865.46,"Entrenamiento",-290.290333173533,"Regresión Multiple"
"424",2011-10-18,1315.27,3512.87,-2197.6,1587.59,-121.86,815.68,268.47,690.01,-2593.87,-1048.93,-263.14,4185.97,-288.99,-825.19,747.21,-42.53,-301.59,"Entrenamiento",-1745.14204116914,"Regresión Multiple"
"425",2011-10-19,2588.86,1315.27,1273.59,-2197.6,1587.59,-121.86,815.68,268.47,690.01,-2593.87,-1048.93,-263.14,4185.97,-288.99,-825.19,747.21,-42.53,"Entrenamiento",932.605961673118,"Regresión Multiple"
"426",2011-10-20,1118.05,2588.86,-1470.81,1273.59,-2197.6,1587.59,-121.86,815.68,268.47,690.01,-2593.87,-1048.93,-263.14,4185.97,-288.99,-825.19,747.21,"Entrenamiento",-591.690877351296,"Regresión Multiple"
"427",2011-10-21,1347.05,1118.05,229,-1470.81,1273.59,-2197.6,1587.59,-121.86,815.68,268.47,690.01,-2593.87,-1048.93,-263.14,4185.97,-288.99,-825.19,"Entrenamiento",955.238496536901,"Regresión Multiple"
"428",2011-10-23,-15.7,1347.05,-1362.75,229,-1470.81,1273.59,-2197.6,1587.59,-121.86,815.68,268.47,690.01,-2593.87,-1048.93,-263.14,4185.97,-288.99,"Entrenamiento",498.099459802301,"Regresión Multiple"
"429",2011-10-24,-38.45,-15.7,-22.75,-1362.75,229,-1470.81,1273.59,-2197.6,1587.59,-121.86,815.68,268.47,690.01,-2593.87,-1048.93,-263.14,4185.97,"Entrenamiento",1779.35827311835,"Regresión Multiple"
"430",2011-10-25,1097.16,-38.45,1135.61,-22.75,-1362.75,229,-1470.81,1273.59,-2197.6,1587.59,-121.86,815.68,268.47,690.01,-2593.87,-1048.93,-263.14,"Entrenamiento",1238.38359697848,"Regresión Multiple"
"431",2011-10-26,119.74,1097.16,-977.42,1135.61,-22.75,-1362.75,229,-1470.81,1273.59,-2197.6,1587.59,-121.86,815.68,268.47,690.01,-2593.87,-1048.93,"Entrenamiento",447.439361393085,"Regresión Multiple"
"432",2011-10-27,309.21,119.74,189.47,-977.42,1135.61,-22.75,-1362.75,229,-1470.81,1273.59,-2197.6,1587.59,-121.86,815.68,268.47,690.01,-2593.87,"Entrenamiento",1024.33850973484,"Regresión Multiple"
"433",2011-10-28,1080.33,309.21,771.12,189.47,-977.42,1135.61,-22.75,-1362.75,229,-1470.81,1273.59,-2197.6,1587.59,-121.86,815.68,268.47,690.01,"Entrenamiento",1098.58312903363,"Regresión Multiple"
"434",2011-10-31,785.53,1080.33,-294.8,771.12,189.47,-977.42,1135.61,-22.75,-1362.75,229,-1470.81,1273.59,-2197.6,1587.59,-121.86,815.68,268.47,"Entrenamiento",-262.377168048833,"Regresión Multiple"
"435",2011-10-31,785.53,1080.33,-294.8,771.12,189.47,-977.42,1135.61,-22.75,-1362.75,229,-1470.81,1273.59,-2197.6,1587.59,-121.86,815.68,268.47,"Prueba",-262.377168048833,"Regresión Multiple"
"436",2011-11-02,120.23,785.53,-665.3,-294.8,771.12,189.47,-977.42,1135.61,-22.75,-1362.75,229,-1470.81,1273.59,-2197.6,1587.59,-121.86,815.68,"Prueba",413.30019842163,"Regresión Multiple"
"437",2011-11-03,817.97,120.23,697.74,-665.3,-294.8,771.12,189.47,-977.42,1135.61,-22.75,-1362.75,229,-1470.81,1273.59,-2197.6,1587.59,-121.86,"Prueba",670.27452552646,"Regresión Multiple"
"438",2011-11-04,-21.65,817.97,-839.62,697.74,-665.3,-294.8,771.12,189.47,-977.42,1135.61,-22.75,-1362.75,229,-1470.81,1273.59,-2197.6,1587.59,"Prueba",-150.537213261701,"Regresión Multiple"
"439",2011-11-06,1184.05,-21.65,1205.7,-839.62,697.74,-665.3,-294.8,771.12,189.47,-977.42,1135.61,-22.75,-1362.75,229,-1470.81,1273.59,-2197.6,"Prueba",569.600336148897,"Regresión Multiple"
"440",2011-11-07,548.85,1184.05,-635.2,1205.7,-839.62,697.74,-665.3,-294.8,771.12,189.47,-977.42,1135.61,-22.75,-1362.75,229,-1470.81,1273.59,"Prueba",-538.103926391097,"Regresión Multiple"
"441",2011-11-08,-237.26,548.85,-786.11,-635.2,1205.7,-839.62,697.74,-665.3,-294.8,771.12,189.47,-977.42,1135.61,-22.75,-1362.75,229,-1470.81,"Prueba",-14.0798840080185,"Regresión Multiple"
"442",2011-11-09,447.75,-237.26,685.01,-786.11,-635.2,1205.7,-839.62,697.74,-665.3,-294.8,771.12,189.47,-977.42,1135.61,-22.75,-1362.75,229,"Prueba",717.802470907073,"Regresión Multiple"
"443",2011-11-10,294.74,447.75,-153.01,685.01,-786.11,-635.2,1205.7,-839.62,697.74,-665.3,-294.8,771.12,189.47,-977.42,1135.61,-22.75,-1362.75,"Prueba",118.078015247751,"Regresión Multiple"
"444",2011-11-11,2990.87,294.74,2696.13,-153.01,685.01,-786.11,-635.2,1205.7,-839.62,697.74,-665.3,-294.8,771.12,189.47,-977.42,1135.61,-22.75,"Prueba",103.166462485809,"Regresión Multiple"
"445",2011-11-14,550.11,2990.87,-2440.76,2696.13,-153.01,685.01,-786.11,-635.2,1205.7,-839.62,697.74,-665.3,-294.8,771.12,189.47,-977.42,1135.61,"Prueba",-2179.42922581187,"Regresión Multiple"
"446",2011-11-15,893.41,550.11,343.3,-2440.76,2696.13,-153.01,685.01,-786.11,-635.2,1205.7,-839.62,697.74,-665.3,-294.8,771.12,189.47,-977.42,"Prueba",114.916891053129,"Regresión Multiple"
"447",2011-11-16,3594.12,893.41,2700.71,343.3,-2440.76,2696.13,-153.01,685.01,-786.11,-635.2,1205.7,-839.62,697.74,-665.3,-294.8,771.12,189.47,"Prueba",-22.5195590485252,"Regresión Multiple"
"448",2011-11-17,3684.91,3594.12,90.7900000000004,2700.71,343.3,-2440.76,2696.13,-153.01,685.01,-786.11,-635.2,1205.7,-839.62,697.74,-665.3,-294.8,771.12,"Prueba",-2735.68002629553,"Regresión Multiple"
"449",2011-11-18,1102.72,3684.91,-2582.19,90.7900000000004,2700.71,343.3,-2440.76,2696.13,-153.01,685.01,-786.11,-635.2,1205.7,-839.62,697.74,-665.3,-294.8,"Prueba",-2282.9566367929,"Regresión Multiple"
"450",2011-11-20,219,1102.72,-883.72,-2582.19,90.7900000000004,2700.71,343.3,-2440.76,2696.13,-153.01,685.01,-786.11,-635.2,1205.7,-839.62,697.74,-665.3,"Prueba",553.20906808236,"Regresión Multiple"
"451",2011-11-21,366.45,219,147.45,-883.72,-2582.19,90.7900000000004,2700.71,343.3,-2440.76,2696.13,-153.01,685.01,-786.11,-635.2,1205.7,-839.62,697.74,"Prueba",860.183050697315,"Regresión Multiple"
"452",2011-11-22,1018.77,366.45,652.32,147.45,-883.72,-2582.19,90.7900000000004,2700.71,343.3,-2440.76,2696.13,-153.01,685.01,-786.11,-635.2,1205.7,-839.62,"Prueba",985.689373995577,"Regresión Multiple"
"453",2011-11-23,712.01,1018.77,-306.76,652.32,147.45,-883.72,-2582.19,90.7900000000004,2700.71,343.3,-2440.76,2696.13,-153.01,685.01,-786.11,-635.2,1205.7,"Prueba",359.160624052587,"Regresión Multiple"
"454",2011-11-24,4244.42,712.01,3532.41,-306.76,652.32,147.45,-883.72,-2582.19,90.7900000000004,2700.71,343.3,-2440.76,2696.13,-153.01,685.01,-786.11,-635.2,"Prueba",727.766777536463,"Regresión Multiple"
"455",2011-11-25,125.22,4244.42,-4119.2,3532.41,-306.76,652.32,147.45,-883.72,-2582.19,90.7900000000004,2700.71,343.3,-2440.76,2696.13,-153.01,685.01,-786.11,"Prueba",-2888.47833163848,"Regresión Multiple"
"456",2011-11-28,1349.4,125.22,1224.18,-4119.2,3532.41,-306.76,652.32,147.45,-883.72,-2582.19,90.7900000000004,2700.71,343.3,-2440.76,2696.13,-153.01,685.01,"Prueba",1610.09819491459,"Regresión Multiple"
"457",2011-11-29,1358.86,1349.4,9.45999999999981,1224.18,-4119.2,3532.41,-306.76,652.32,147.45,-883.72,-2582.19,90.7900000000004,2700.71,343.3,-2440.76,2696.13,-153.01,"Prueba",368.264314121737,"Regresión Multiple"
"458",2011-11-30,679.4,1358.86,-679.46,9.45999999999981,1224.18,-4119.2,3532.41,-306.76,652.32,147.45,-883.72,-2582.19,90.7900000000004,2700.71,343.3,-2440.76,2696.13,"Prueba",-11.6393824713977,"Regresión Multiple"
"459",2011-12-01,695.87,679.4,16.47,-679.46,9.45999999999981,1224.18,-4119.2,3532.41,-306.76,652.32,147.45,-883.72,-2582.19,90.7900000000004,2700.71,343.3,-2440.76,"Prueba",750.213868897377,"Regresión Multiple"
"460",2011-12-02,37.83,695.87,-658.04,16.47,-679.46,9.45999999999981,1224.18,-4119.2,3532.41,-306.76,652.32,147.45,-883.72,-2582.19,90.7900000000004,2700.71,343.3,"Prueba",834.69143317694,"Regresión Multiple"
"461",2011-12-04,1179.87,37.83,1142.04,-658.04,16.47,-679.46,9.45999999999981,1224.18,-4119.2,3532.41,-306.76,652.32,147.45,-883.72,-2582.19,90.7900000000004,2700.71,"Prueba",610.545513471238,"Regresión Multiple"
"462",2011-12-05,269.35,1179.87,-910.52,1142.04,-658.04,16.47,-679.46,9.45999999999981,1224.18,-4119.2,3532.41,-306.76,652.32,147.45,-883.72,-2582.19,90.7900000000004,"Prueba",116.441909356156,"Regresión Multiple"
"463",2011-12-06,-36.65,269.35,-306,-910.52,1142.04,-658.04,16.47,-679.46,9.45999999999981,1224.18,-4119.2,3532.41,-306.76,652.32,147.45,-883.72,-2582.19,"Prueba",586.669086618703,"Regresión Multiple"
"464",2011-12-07,2879.26,-36.65,2915.91,-306,-910.52,1142.04,-658.04,16.47,-679.46,9.45999999999981,1224.18,-4119.2,3532.41,-306.76,652.32,147.45,-883.72,"Prueba",1186.9108469309,"Regresión Multiple"
"465",2011-12-08,1089.45,2879.26,-1789.81,2915.91,-306,-910.52,1142.04,-658.04,16.47,-679.46,9.45999999999981,1224.18,-4119.2,3532.41,-306.76,652.32,147.45,"Prueba",-2094.94080936839,"Regresión Multiple"
"466",2011-12-09,1689.72,1089.45,600.27,-1789.81,2915.91,-306,-910.52,1142.04,-658.04,16.47,-679.46,9.45999999999981,1224.18,-4119.2,3532.41,-306.76,652.32,"Prueba",141.777702453533,"Regresión Multiple"
